SAMPN,PERNO,APURP1,MODE,ARR_HR,XCORD,YCORD,INCOM,AGE
1037952,1,1.0,6.0,3,-122.138775,37.467578,1,57
1037952,1,17.0,3.0,6,-122.144081,37.471522,1,57
1037952,1,1.0,3.0,8,-122.138775,37.467578,1,57
1037952,2,1.0,6.0,3,-122.138775,37.467578,1,17
1050821,1,1.0,6.0,3,-122.204634,37.810293,1,51
1097949,1,1.0,6.0,3,-121.887127,38.010647,1,33
1097949,1,27.0,1.0,13,-122.42015159999998,37.7792505,1,33
1097949,1,39.0,4.0,14,-122.41896909999998,37.7751709,1,33
1097949,1,8.0,1.0,18,-121.887127,38.010647,1,33
1119160,1,1.0,6.0,3,-122.254205,37.768802,1,49
1124362,1,1.0,6.0,3,-122.1428,38.048342,1,57
1126078,1,1.0,6.0,3,-121.7344062,37.9434573,1,61
1126078,1,33.0,5.0,7,-121.736824,37.9614374,1,61
1126078,1,33.0,5.0,7,-121.729205,37.963964,1,61
1126078,1,33.0,5.0,8,-121.697342,37.932191,1,61
1126078,1,33.0,5.0,8,-121.699541,37.947182,1,61
1126078,1,33.0,5.0,9,-121.712345,37.95993,1,61
1126078,1,33.0,5.0,10,-121.7145633,37.94691029999999,1,61
1126078,1,37.0,5.0,10,-121.76063899999998,37.966726,1,61
1126078,1,1.0,5.0,11,-121.7344062,37.9434573,1,61
1126078,2,1.0,6.0,3,-121.7344062,37.9434573,1,11
1126078,2,17.0,1.0,7,-121.737347,37.91912,1,11
1126078,2,1.0,1.0,15,-121.7344062,37.9434573,1,11
1126078,2,17.0,3.0,16,-121.732318,37.944212,1,11
1126078,2,1.0,3.0,17,-121.7344062,37.9434573,1,11
1126078,2,27.0,5.0,17,-121.698394,37.947707,1,11
1126078,2,37.0,5.0,18,-121.689238,37.990174,1,11
1128394,1,1.0,6.0,3,-122.451194,37.666506,1,62
1128394,1,27.0,5.0,9,-122.435545,37.65501,1,62
1128394,1,1.0,5.0,10,-122.451194,37.666506,1,62
1128394,1,22.0,5.0,14,-122.4079815,37.6548151,1,62
1128394,1,22.0,5.0,15,-122.4728108,37.5863615,1,62
1128394,1,1.0,5.0,15,-122.451194,37.666506,1,62
1128394,1,22.0,5.0,16,-122.4728108,37.5863615,1,62
1128394,1,30.0,5.0,16,-122.435545,37.65501,1,62
1128394,1,37.0,5.0,17,-122.4079815,37.6548151,1,62
1128394,1,1.0,5.0,18,-122.451194,37.666506,1,62
1128394,2,1.0,6.0,3,-122.451194,37.666506,1,97
1132119,1,1.0,6.0,3,-122.157135,37.747851,1,25
1132119,1,22.0,5.0,8,-122.230805,37.779451,1,25
1132119,1,20.0,5.0,10,-122.238637,37.784648,1,25
1132119,1,22.0,5.0,11,-122.225486,37.77255,1,25
1132119,1,27.0,5.0,12,-122.17160459999998,37.7460965,1,25
1132119,1,2.0,5.0,12,-122.157135,37.747851,1,25
1132119,1,22.0,5.0,16,-122.225486,37.77255,1,25
1132119,1,22.0,5.0,16,-122.230805,37.779451,1,25
1132119,1,2.0,5.0,17,-122.157135,37.747851,1,25
1132119,2,1.0,6.0,3,-122.157135,37.747851,1,7
1132119,2,17.0,5.0,8,-122.230805,37.779451,1,7
1132119,2,1.0,5.0,17,-122.157135,37.747851,1,7
1132119,3,1.0,6.0,3,-122.157135,37.747851,1,5
1132119,3,22.0,5.0,8,-122.230805,37.779451,1,5
1132119,3,37.0,5.0,10,-122.238637,37.784648,1,5
1132119,3,17.0,5.0,11,-122.225486,37.77255,1,5
1132119,3,22.0,5.0,16,-122.230805,37.779451,1,5
1132119,3,1.0,5.0,17,-122.157135,37.747851,1,5
1132119,4,1.0,6.0,3,-122.157135,37.747851,1,2
1132119,4,22.0,5.0,8,-122.230805,37.779451,1,2
1132119,4,37.0,5.0,10,-122.238637,37.784648,1,2
1132119,4,22.0,5.0,11,-122.225486,37.77255,1,2
1132119,4,27.0,5.0,12,-122.17160459999998,37.7460965,1,2
1132119,4,1.0,5.0,12,-122.157135,37.747851,1,2
1132119,4,22.0,5.0,16,-122.225486,37.77255,1,2
1132119,4,22.0,5.0,16,-122.230805,37.779451,1,2
1132119,4,1.0,5.0,17,-122.157135,37.747851,1,2
1141305,1,1.0,6.0,3,-122.4423044,37.8050903,1,39
1141305,1,9.0,1.0,8,-122.402575,37.788779,1,39
1141305,1,31.0,3.0,17,-122.399328,37.793581,1,39
1141305,1,8.0,5.0,20,-122.4423044,37.8050903,1,39
1152888,1,1.0,6.0,3,-121.95751570000002,37.2846308,1,74
1152888,1,27.0,5.0,10,-121.966674,37.293349,1,74
1152888,1,27.0,5.0,14,-121.989617,37.29128400000001,1,74
1152888,1,27.0,5.0,15,-121.9786375,37.285205100000006,1,74
1152888,1,2.0,5.0,16,-121.95751570000002,37.2846308,1,74
1153883,1,1.0,6.0,3,-122.7316323,38.4600661,1,52
1153883,1,27.0,5.0,15,-122.717368,38.463236,1,52
1153883,1,27.0,5.0,15,-122.7228571,38.4600731,1,52
1153883,1,1.0,5.0,16,-122.7316323,38.4600661,1,52
1154384,1,1.0,6.0,3,-122.3404028,37.9732385,1,32
1154384,1,37.0,1.0,16,-122.3445852,37.9700134,1,32
1154384,1,29.0,3.0,18,-122.344635,37.964477,1,32
1154384,1,1.0,1.0,19,-122.3404028,37.9732385,1,32
1154384,2,1.0,6.0,3,-122.3404028,37.9732385,1,2
1154384,2,37.0,1.0,16,-122.3445852,37.9700134,1,2
1154384,2,29.0,3.0,18,-122.344635,37.964477,1,2
1154384,2,1.0,1.0,19,-122.3404028,37.9732385,1,2
1155945,1,1.0,6.0,3,-122.209569,38.101678,1,65
1160182,1,1.0,6.0,3,-122.2336013,38.07445870000001,1,62
1165257,1,1.0,6.0,3,-121.752788,38.00212,1,50
1165257,1,37.0,5.0,11,-121.803621,37.9822395,1,50
1165257,1,8.0,5.0,13,-121.752788,38.00212,1,50
1165257,2,1.0,6.0,3,-121.752788,38.00212,1,61
1165257,2,37.0,5.0,11,-121.803621,37.9822395,1,61
1165257,2,37.0,5.0,11,-121.817746,37.9891976,1,61
1165257,2,29.0,5.0,12,-121.9418879,38.0267684,1,61
1165257,2,22.0,5.0,13,-121.8355007,38.0056319,1,61
1165257,2,22.0,5.0,13,-121.803621,37.9822395,1,61
1165257,2,1.0,5.0,13,-121.752788,38.00212,1,61
1165783,1,1.0,6.0,3,-122.061742,37.339182,1,25
1165783,1,9.0,5.0,10,-122.0711946,37.410528,1,25
1165783,1,2.0,5.0,19,-122.061742,37.339182,1,25
1165783,2,1.0,6.0,3,-122.061742,37.339182,1,24
1165783,2,9.0,5.0,8,-122.26341,37.531163,1,24
1165783,2,2.0,5.0,19,-122.061742,37.339182,1,24
1173283,1,1.0,6.0,3,-122.462376,37.757993,1,47
1173283,2,37.0,6.0,3,-157.8583333,21.3069444,1,53
1187215,1,1.0,6.0,3,-122.126595,37.86446,1,59
1187215,1,29.0,5.0,14,-122.235908,37.77321729999999,1,59
1187215,1,27.0,5.0,15,-122.260141,37.85546400000001,1,59
1187215,1,1.0,5.0,17,-122.126595,37.86446,1,59
1189146,1,1.0,6.0,3,-122.351441,37.95394,1,18
1189146,1,30.0,3.0,11,-122.347166,37.9520595,1,18
1189146,1,1.0,3.0,21,-122.351441,37.95394,1,18
1189146,3,1.0,6.0,3,-122.351441,37.95394,1,46
1189146,3,30.0,3.0,8,-122.353912,37.95159,1,46
1189146,3,1.0,3.0,14,-122.351441,37.95394,1,46
1189146,4,1.0,6.0,3,-122.351441,37.95394,1,46
1321187,1,1.0,6.0,3,-122.833857,38.360057,1,63
1321187,1,25.0,5.0,15,-122.713325,38.420407,1,63
1321187,1,25.0,3.0,16,-122.7134968,38.4204131,1,63
1321187,1,25.0,3.0,16,-122.7134968,38.42041920000001,1,63
1321187,1,25.0,5.0,16,-122.713317,38.409557,1,63
1321187,1,27.0,5.0,17,-122.714865,38.4099829,1,63
1321187,1,27.0,5.0,17,-122.713336,38.414555,1,63
1321187,1,25.0,5.0,17,-122.716507,38.365105,1,63
1321187,1,25.0,5.0,18,-122.719624,38.348661,1,63
1321187,1,25.0,5.0,19,-122.81654240000002,38.3907518,1,63
1321187,1,2.0,5.0,20,-122.833857,38.360057,1,63
1337701,1,1.0,6.0,3,-122.4131937,37.7733357,1,59
1348205,1,1.0,6.0,3,-122.253554,37.792163,1,40
1348205,1,33.0,3.0,9,-122.2570712,37.7986762,1,40
1348205,1,1.0,3.0,13,-122.253554,37.792163,1,40
1348205,2,1.0,6.0,3,-122.253554,37.792163,1,11
1348205,2,33.0,3.0,9,-122.2570712,37.7986762,1,11
1348205,2,1.0,3.0,13,-122.253554,37.792163,1,11
1348205,3,1.0,6.0,3,-122.253554,37.792163,1,9
1348205,3,33.0,3.0,9,-122.2570712,37.7986762,1,9
1348205,3,1.0,3.0,13,-122.253554,37.792163,1,9
1348205,4,1.0,6.0,3,-122.253554,37.792163,1,7
1348205,4,33.0,3.0,9,-122.2570712,37.7986762,1,7
1348205,4,1.0,3.0,13,-122.253554,37.792163,1,7
1349876,1,1.0,6.0,3,-122.3152045,38.3017468,1,72
1349876,2,1.0,6.0,3,-122.3152045,38.3017468,1,28
1350548,1,1.0,6.0,3,-122.270363,38.304681,1,47
1350548,1,22.0,3.0,8,-122.2723142,38.3022285,1,47
1350548,1,1.0,3.0,8,-122.270363,38.304681,1,47
1350548,1,27.0,4.0,11,-122.2973001,38.3232989,1,47
1350548,1,36.0,4.0,12,-122.3486975,38.4904539,1,47
1350548,1,1.0,4.0,13,-122.270363,38.304681,1,47
1350548,1,22.0,3.0,14,-122.2723142,38.3022285,1,47
1350548,1,2.0,3.0,15,-122.270363,38.304681,1,47
1350548,2,1.0,6.0,3,-122.270363,38.304681,1,46
1350548,2,9.0,5.0,6,-122.2665652,38.2383495,1,46
1350548,2,25.0,5.0,10,-122.4660401,38.4867244,1,46
1350548,2,9.0,5.0,11,-122.2665652,38.2383495,1,46
1350548,2,2.0,5.0,15,-122.270363,38.304681,1,46
1350548,2,29.0,5.0,16,-122.3042267,38.3218278,1,46
1350548,2,27.0,5.0,16,-122.301799,38.3215999,1,46
1350548,2,27.0,5.0,17,-122.283561,38.3092,1,46
1350548,2,26.0,5.0,17,-122.2844343,38.3101555,1,46
1350548,2,1.0,5.0,17,-122.270363,38.304681,1,46
1350548,3,1.0,6.0,3,-122.270363,38.304681,1,19
1350548,4,1.0,6.0,3,-122.270363,38.304681,1,7
1350548,4,17.0,3.0,8,-122.2723142,38.3022285,1,7
1350548,4,1.0,3.0,15,-122.270363,38.304681,1,7
1354524,1,1.0,6.0,3,-122.3910304,37.736894,1,89
1354794,1,1.0,6.0,3,-122.4145892,37.7837096,1,61
1354794,1,32.0,5.0,9,-122.451714,37.77523,1,61
1354794,1,1.0,5.0,11,-122.4145892,37.7837096,1,61
1358866,1,1.0,6.0,3,-122.4161853,37.7853878,1,51
1358866,1,29.0,3.0,7,-122.41626,37.785376,1,51
1358866,1,1.0,3.0,7,-122.4161853,37.7853878,1,51
1358866,1,29.0,3.0,7,-122.41626,37.785376,1,51
1358866,1,1.0,3.0,7,-122.4161853,37.7853878,1,51
1358866,1,29.0,3.0,8,-122.41626,37.785376,1,51
1358866,1,1.0,3.0,8,-122.4161853,37.7853878,1,51
1358866,1,30.0,3.0,11,-122.4102903,37.7822236,1,51
1358866,1,29.0,3.0,11,-122.4157352,37.7779865,1,51
1358866,1,37.0,3.0,11,-122.417361,37.7772239,1,51
1358866,1,27.0,3.0,11,-122.414555,37.779055,1,51
1358866,1,39.0,3.0,12,-122.4161853,37.7853878,1,51
1358866,1,1.0,3.0,13,-122.4161853,37.7853878,1,51
1358866,1,27.0,3.0,13,-122.417792,37.78508400000001,1,51
1358866,1,27.0,3.0,13,-122.424074,37.7516075,1,51
1358866,1,27.0,3.0,13,-122.4205104,37.7905092,1,51
1358866,1,27.0,3.0,14,-122.42180559999998,37.7965373,1,51
1358866,1,27.0,3.0,14,-122.42215120000002,37.7978323,1,51
1358866,1,39.0,3.0,14,-122.41982659999998,37.80175,1,51
1358866,1,27.0,3.0,14,-122.41982659999998,37.80175,1,51
1358866,1,27.0,3.0,15,-122.4182921,37.7862941,1,51
1358866,1,1.0,3.0,15,-122.4161853,37.7853878,1,51
1358866,1,27.0,3.0,15,-122.4143945,37.7855354,1,51
1358866,1,27.0,3.0,16,-122.414871,37.7856597,1,51
1358866,1,27.0,3.0,16,-122.414807,37.7865199,1,51
1358866,1,2.0,3.0,16,-122.4161853,37.7853878,1,51
1365541,1,1.0,6.0,3,-122.4097699,37.7834578,1,44
1365541,1,9.0,1.0,11,-121.966871,37.535801,1,44
1365541,1,2.0,1.0,14,-122.4097699,37.7834578,1,44
1365541,1,34.0,1.0,15,-122.4535439,37.7691664,1,44
1365541,1,1.0,1.0,18,-122.4097699,37.7834578,1,44
1368733,1,1.0,6.0,3,-122.1886021,37.7697199,1,63
1368733,2,1.0,6.0,3,-122.1886021,37.7697199,1,70
1368733,2,22.0,5.0,7,-122.195709,37.736145,1,70
1368733,2,8.0,5.0,8,-122.1886021,37.7697199,1,70
1368733,2,22.0,5.0,8,-122.182134,37.774157,1,70
1368733,2,8.0,5.0,8,-122.1886021,37.7697199,1,70
1368733,2,29.0,5.0,11,-122.21236299999998,37.773382,1,70
1368733,2,2.0,5.0,12,-122.1886021,37.7697199,1,70
1368733,2,22.0,5.0,14,-122.182134,37.774157,1,70
1368733,2,8.0,5.0,15,-122.1886021,37.7697199,1,70
1368733,2,22.0,5.0,17,-122.195709,37.736145,1,70
1368733,2,7.0,5.0,17,-122.1886021,37.7697199,1,70
1368733,3,1.0,6.0,3,-122.1886021,37.7697199,1,30
1368733,3,9.0,1.0,8,-122.262619,37.799679,1,30
1368733,3,17.0,1.0,18,-121.8803601,37.65031870000001,1,30
1368733,3,8.0,5.0,23,-122.1886021,37.7697199,1,30
1368733,4,1.0,6.0,3,-122.1886021,37.7697199,1,7
1368733,4,17.0,5.0,8,-122.182134,37.774157,1,7
1368733,4,2.0,5.0,15,-122.1886021,37.7697199,1,7
1368733,4,37.0,5.0,19,-122.210698,37.791933,1,7
1368733,5,1.0,6.0,3,-122.1886021,37.7697199,1,6
1368733,5,17.0,5.0,8,-122.182134,37.774157,1,6
1368733,5,2.0,5.0,15,-122.1886021,37.7697199,1,6
1368733,5,37.0,5.0,19,-122.210698,37.791933,1,6
1368733,6,1.0,6.0,3,-122.1886021,37.7697199,1,17
1368733,6,17.0,5.0,7,-122.195709,37.736145,1,17
1368733,6,2.0,5.0,17,-122.1886021,37.7697199,1,17
1372257,1,1.0,6.0,3,-122.2731904,37.8174086,1,59
1372257,1,33.0,3.0,11,-122.268776,37.810894,1,59
1372257,1,27.0,3.0,12,-122.2685444,37.8136161,1,59
1372257,1,27.0,3.0,12,-122.2683712,37.8143699,1,59
1372257,1,2.0,3.0,13,-122.2731904,37.8174086,1,59
1380031,1,1.0,6.0,3,-122.832716,38.549172,1,54
1380031,2,1.0,6.0,3,-122.832716,38.549172,1,17
1380031,2,17.0,5.0,8,-122.8175962,38.5421689,1,17
1380031,2,1.0,3.0,15,-122.832716,38.549172,1,17
1380031,2,34.0,5.0,16,-122.7405238,38.4927057,1,17
1380031,2,2.0,5.0,18,-122.832716,38.549172,1,17
1410799,1,1.0,6.0,3,-122.0449692,37.9994707,1,67
1421686,1,30.0,6.0,3,-99.133208,19.4326077,1,37
1421686,2,30.0,6.0,3,-99.133208,19.4326077,1,50
1421686,3,30.0,6.0,3,-99.133208,19.4326077,1,18
1421686,4,30.0,6.0,3,-99.133208,19.4326077,1,14
1421686,5,30.0,6.0,3,-99.133208,19.4326077,1,5
1421686,6,30.0,6.0,3,-99.133208,19.4326077,1,1
1425965,1,1.0,6.0,3,-122.4342832,37.7473759,1,47
1425965,1,9.0,5.0,8,-122.4004058,37.745062,1,47
1425965,1,31.0,5.0,19,-122.43018899999998,37.7515234,1,47
1425965,1,1.0,5.0,19,-122.4342832,37.7473759,1,47
1426099,1,1.0,6.0,3,-122.0305132,38.25772720000001,1,52
1426099,2,1.0,6.0,3,-122.0305132,38.25772720000001,1,51
1426099,2,17.0,5.0,11,-122.072056,37.962641,1,51
1426099,2,26.0,5.0,14,-122.0343733,38.25662970000001,1,51
1426099,2,1.0,5.0,15,-122.0305132,38.25772720000001,1,51
1426099,3,1.0,6.0,3,-122.0305132,38.25772720000001,1,33
1426099,3,17.0,5.0,13,-122.0451914,38.2582854,1,33
1426099,3,29.0,5.0,15,-122.0307535,38.2678286,1,33
1426099,3,31.0,5.0,15,-122.0474945,38.2618995,1,33
1426099,3,2.0,5.0,17,-122.0305132,38.25772720000001,1,33
1426099,3,29.0,5.0,19,-122.0341679,38.26556770000001,1,33
1426099,3,29.0,5.0,19,-122.033437,38.260913,1,33
1426099,3,29.0,5.0,20,-122.0085616,38.2629024,1,33
1426099,3,8.0,5.0,20,-122.0305132,38.25772720000001,1,33
1426099,4,8.0,6.0,3,-122.0305132,38.25772720000001,1,18
1426099,4,37.0,3.0,12,-122.0249797,38.2582593,1,18
1426099,4,1.0,3.0,19,-122.0305132,38.25772720000001,1,18
1438010,1,1.0,6.0,3,-122.7233613,38.3455773,1,49
1443035,1,1.0,6.0,3,-122.0917413,37.6678732,1,63
1443035,1,27.0,5.0,18,-122.085679,37.672077,1,63
1443035,1,2.0,5.0,18,-122.0917413,37.6678732,1,63
1443035,2,1.0,6.0,3,-122.0917413,37.6678732,1,59
1443418,1,1.0,6.0,3,-122.497973,37.961773,1,57
1443418,1,33.0,1.0,17,-122.530485,37.997194,1,57
1443418,1,31.0,1.0,20,-122.5287856,37.9733117,1,57
1443418,1,1.0,1.0,23,-122.497973,37.961773,1,57
1445106,1,1.0,6.0,3,-122.232425,37.483032,1,51
1445106,1,9.0,1.0,9,-122.06576470000002,37.3937917,1,51
1445106,1,1.0,1.0,16,-122.232425,37.483032,1,51
1445106,1,37.0,5.0,17,-122.235333,37.466391,1,51
1445106,1,1.0,5.0,20,-122.232425,37.483032,1,51
1445106,2,1.0,6.0,3,-122.232425,37.483032,1,33
1445106,2,9.0,1.0,9,-122.0823537,37.3883427,1,33
1445106,2,25.0,1.0,16,-122.102569,37.396529,1,33
1445106,2,1.0,1.0,23,-122.232425,37.483032,1,33
1449548,1,1.0,6.0,3,-122.465073,37.69146,1,50
1449548,1,9.0,5.0,6,-122.4432717,37.762309,1,50
1449548,1,1.0,5.0,17,-122.465073,37.69146,1,50
1459809,1,1.0,6.0,3,-122.2608538,37.8519479,1,50
1459809,1,9.0,3.0,17,-122.262543,37.838213,1,50
1459809,1,2.0,3.0,20,-122.2608538,37.8519479,1,50
1467364,1,1.0,6.0,3,-121.780019,37.68950200000001,1,54
1467364,1,30.0,5.0,16,-121.783882,37.676173,1,54
1467364,1,30.0,5.0,17,-121.769617,37.684818,1,54
1467364,1,27.0,5.0,17,-121.774634,37.692586,1,54
1467364,1,2.0,5.0,17,-121.780019,37.68950200000001,1,54
1467364,2,1.0,6.0,3,-121.780019,37.68950200000001,1,14
1467364,2,37.0,3.0,14,-121.785082,37.675424,1,14
1467364,2,2.0,3.0,22,-121.780019,37.68950200000001,1,14
1467419,1,1.0,6.0,3,-121.789424,38.008973,1,62
1467419,1,30.0,5.0,7,-121.808777,37.996966,1,62
1467419,1,27.0,5.0,8,-121.807333,38.004433,1,62
1467419,1,29.0,5.0,9,-121.7860678,37.9977514,1,62
1467419,1,37.0,5.0,10,-121.781966,37.969765,1,62
1467419,1,1.0,5.0,13,-121.789424,38.008973,1,62
1467419,1,27.0,5.0,14,-121.729205,37.963964,1,62
1467419,1,1.0,5.0,16,-121.789424,38.008973,1,62
1467419,1,37.0,5.0,16,-121.781966,37.969765,1,62
1467419,1,1.0,5.0,20,-121.789424,38.008973,1,62
1467419,2,1.0,6.0,3,-121.789424,38.008973,1,58
1467419,2,27.0,5.0,7,-121.8075728,37.9935145,1,58
1467419,2,30.0,5.0,8,-122.0389443,38.0052344,1,58
1467419,2,27.0,5.0,10,-122.054982,37.981801,1,58
1467419,2,27.0,4.0,11,-122.0628207,37.967434,1,58
1467419,2,1.0,5.0,14,-121.789424,38.008973,1,58
1467419,2,37.0,5.0,16,-121.781966,37.969765,1,58
1467419,2,1.0,5.0,20,-121.789424,38.008973,1,58
1476146,1,1.0,6.0,3,-121.76764,37.990266,1,63
1476146,1,22.0,5.0,9,-121.733338,37.984228,1,63
1476146,1,29.0,5.0,10,-121.7845075,37.99021,1,63
1476146,1,22.0,5.0,11,-121.733338,37.984228,1,63
1476146,1,1.0,5.0,11,-121.76764,37.990266,1,63
1476146,1,9.0,5.0,16,-121.805511,38.008255,1,63
1476146,1,8.0,5.0,20,-121.76764,37.990266,1,63
1476146,2,1.0,6.0,3,-121.76764,37.990266,1,66
1476146,2,9.0,5.0,6,-122.1382482,38.0661759,1,66
1476146,2,8.0,5.0,16,-121.76764,37.990266,1,66
1476661,1,7.0,6.0,3,-122.5244253,38.124087,1,67
1485287,1,1.0,6.0,3,-122.021186,37.4021859,1,27
1485287,1,34.0,5.0,12,-121.83906840000002,37.6723658,1,27
1485287,1,1.0,5.0,21,-122.021186,37.4021859,1,27
1485287,2,1.0,6.0,3,-122.021186,37.4021859,1,49
1485287,2,34.0,5.0,7,-121.83906840000002,37.6723658,1,49
1485287,2,1.0,5.0,9,-122.021186,37.4021859,1,49
1485287,2,34.0,5.0,12,-121.83906840000002,37.6723658,1,49
1485287,2,1.0,5.0,21,-122.021186,37.4021859,1,49
1485287,3,1.0,6.0,3,-122.021186,37.4021859,1,32
1485287,3,34.0,5.0,7,-121.83906840000002,37.6723658,1,32
1485287,3,1.0,5.0,21,-122.021186,37.4021859,1,32
1485287,4,1.0,6.0,3,-122.021186,37.4021859,1,29
1485287,4,34.0,5.0,7,-121.83906840000002,37.6723658,1,29
1485287,4,1.0,5.0,21,-122.021186,37.4021859,1,29
1485287,5,1.0,6.0,3,-122.021186,37.4021859,1,22
1485287,5,37.0,5.0,7,-121.83906840000002,37.6723658,1,22
1485287,5,1.0,5.0,9,-122.021186,37.4021859,1,22
1485287,5,34.0,5.0,12,-121.83906840000002,37.6723658,1,22
1485287,5,1.0,5.0,21,-122.021186,37.4021859,1,22
1485287,6,1.0,6.0,3,-122.021186,37.4021859,1,9
1485287,6,37.0,5.0,7,-121.83906840000002,37.6723658,1,9
1485287,6,1.0,5.0,21,-122.021186,37.4021859,1,9
1485287,7,1.0,6.0,3,-122.021186,37.4021859,1,5
1485287,7,37.0,5.0,7,-121.83906840000002,37.6723658,1,5
1485287,7,1.0,5.0,21,-122.021186,37.4021859,1,5
1485287,8,1.0,6.0,3,-122.021186,37.4021859,1,3
1485287,8,34.0,5.0,7,-121.83906840000002,37.6723658,1,3
1485287,8,1.0,5.0,21,-122.021186,37.4021859,1,3
1492931,1,1.0,6.0,3,-122.234606,37.810635,1,53
1492931,1,25.0,5.0,9,-122.252972,37.799933,1,53
1492931,1,25.0,5.0,12,-122.2300676,37.7741311,1,53
1492931,1,25.0,5.0,14,-122.273934,37.783256,1,53
1492931,1,1.0,5.0,15,-122.234606,37.810635,1,53
1492931,2,1.0,6.0,3,-122.234606,37.810635,1,90
1506716,1,1.0,6.0,3,-122.12526,37.374429,1,78
1506716,1,30.0,5.0,9,-122.09310990000002,37.398404,1,78
1506716,1,30.0,5.0,13,-122.080194,37.369063,1,78
1506716,1,29.0,5.0,14,-122.101405,37.389242,1,78
1506716,1,22.0,5.0,15,-122.103965,37.390929,1,78
1506716,1,24.0,5.0,15,-122.0823952,37.3885853,1,78
1506716,1,31.0,5.0,15,-122.08276,37.388095,1,78
1506716,1,30.0,5.0,16,-122.0741007,37.4086766,1,78
1506716,1,22.0,5.0,16,-122.103965,37.390929,1,78
1506716,1,30.0,5.0,16,-122.1152871,37.379303,1,78
1506716,1,24.0,5.0,17,-122.1154722,37.3788061,1,78
1506716,1,36.0,5.0,17,-122.113375,37.380774,1,78
1506716,1,1.0,5.0,21,-122.12526,37.374429,1,78
1514671,1,1.0,6.0,3,-122.2693121,37.8747,1,64
1514671,1,29.0,3.0,15,-122.268691,37.8732166,1,64
1514671,1,29.0,3.0,15,-122.2686846,37.87312539999999,1,64
1514671,1,27.0,1.0,15,-122.299153,37.867092,1,64
1514671,1,1.0,1.0,16,-122.2693121,37.8747,1,64
1516896,1,1.0,6.0,3,-122.495838,37.77790200000001,1,52
1530072,1,1.0,6.0,3,-122.193079,37.762374,1,53
1530072,1,38.0,3.0,8,-122.209724,37.7744,1,53
1530072,1,27.0,3.0,8,-122.21236299999998,37.773382,1,53
1530072,1,1.0,3.0,10,-122.193079,37.762374,1,53
1530072,1,27.0,5.0,11,-122.201505,37.740343,1,53
1530072,1,1.0,5.0,13,-122.193079,37.762374,1,53
1530072,1,27.0,3.0,15,-122.2340658,37.7822103,1,53
1530072,1,1.0,3.0,15,-122.193079,37.762374,1,53
1530072,2,1.0,6.0,3,-122.193079,37.762374,1,29
1530072,2,17.0,1.0,9,-122.2773225,37.780916,1,29
1530072,2,1.0,1.0,17,-122.193079,37.762374,1,29
1531376,1,1.0,6.0,3,-121.9423501,37.4146899,1,20
1531376,2,1.0,6.0,3,-121.9423501,37.4146899,1,22
1531376,3,1.0,6.0,3,-121.9423501,37.4146899,1,15
1531376,4,1.0,6.0,3,-121.9423501,37.4146899,1,51
1531376,5,1.0,6.0,3,-121.9423501,37.4146899,1,57
1532321,1,1.0,6.0,3,-122.41619579999998,37.8019551,1,64
1532321,1,27.0,3.0,12,-122.4077914,37.7941378,1,64
1532321,1,7.0,3.0,16,-122.41619579999998,37.8019551,1,64
1655278,1,1.0,6.0,3,-122.6703608,38.458378,1,40
1655278,1,17.0,5.0,12,-122.71931200000002,38.455965,1,40
1655278,1,2.0,5.0,17,-122.6703608,38.458378,1,40
1655278,2,37.0,6.0,3,-122.8170407,38.4562464,1,9
1683097,1,1.0,6.0,3,-122.40724009999998,37.790012,1,60
1683097,1,9.0,3.0,8,-122.40724009999998,37.790012,1,60
1683097,1,27.0,3.0,12,-122.408708,37.7982827,1,60
1683097,1,1.0,3.0,13,-122.40724009999998,37.790012,1,60
1683097,2,1.0,6.0,3,-122.40724009999998,37.790012,1,53
1685804,1,1.0,6.0,3,-121.8596828,37.362162700000006,1,56
1685804,1,29.0,5.0,10,-121.856966,37.389018,1,56
1685804,1,30.0,5.0,10,-121.8844805,37.4049014,1,56
1685804,1,37.0,5.0,11,-121.8330695,37.361502,1,56
1685804,1,2.0,5.0,12,-121.8596828,37.362162700000006,1,56
1685804,1,9.0,5.0,17,-121.920721,37.431211,1,56
1685804,1,1.0,5.0,22,-121.8596828,37.362162700000006,1,56
1685804,2,1.0,6.0,3,-121.8596828,37.362162700000006,1,59
1685804,2,9.0,5.0,12,-121.765358,37.315787,1,59
1685804,2,25.0,5.0,13,-121.765308,37.3123386,1,59
1685804,2,9.0,5.0,13,-121.765358,37.315787,1,59
1685804,2,25.0,5.0,14,-121.765308,37.3123386,1,59
1685804,2,9.0,5.0,15,-121.765358,37.315787,1,59
1685804,2,2.0,5.0,18,-121.8596828,37.362162700000006,1,59
1685804,3,30.0,6.0,3,-120.969924,37.668082,1,18
1685804,3,7.0,5.0,16,-121.8596828,37.362162700000006,1,18
1685804,3,9.0,5.0,17,-122.0814305,37.384185,1,18
1685804,3,1.0,5.0,24,-121.8596828,37.362162700000006,1,18
1685804,3,30.0,5.0,2,-120.969924,37.668082,1,18
1695310,1,1.0,6.0,3,-122.4013907,37.7524619,1,51
1695310,1,22.0,5.0,7,-122.4487165,37.7302785,1,51
1695310,1,9.0,5.0,8,-122.2750784,37.4932232,1,51
1695310,1,22.0,5.0,16,-122.4487165,37.7302785,1,51
1695310,1,2.0,5.0,17,-122.4013907,37.7524619,1,51
1695310,2,1.0,6.0,3,-122.4013907,37.7524619,1,7
1695310,2,17.0,5.0,7,-122.4487165,37.7302785,1,7
1695310,2,5.0,5.0,17,-122.4013907,37.7524619,1,7
1695888,1,32.0,6.0,3,-122.404959,37.755696,1,65
1700355,1,1.0,6.0,3,-122.26443590000002,37.81314860000001,1,50
1700355,1,36.0,3.0,16,-122.2458838,37.7961148,1,50
1700355,1,37.0,5.0,23,-122.2350377,37.77922150000001,1,50
1700355,1,1.0,5.0,24,-122.26443590000002,37.81314860000001,1,50
1710386,1,1.0,6.0,3,-122.754157,38.450898,1,43
1710386,2,1.0,6.0,3,-122.754157,38.450898,1,33
1710386,3,1.0,6.0,3,-122.754157,38.450898,1,18
1710386,3,31.0,3.0,17,-122.7513243,38.4503532,1,18
1710386,3,1.0,3.0,17,-122.754157,38.450898,1,18
1710386,4,1.0,6.0,3,-122.754157,38.450898,1,7
1714816,1,1.0,6.0,3,-122.5802193,38.5760682,1,35
1714816,1,22.0,3.0,8,-122.5834507,38.57716420000001,1,35
1714816,1,22.0,3.0,8,-122.5751842,38.5782229,1,35
1714816,1,17.0,3.0,9,-122.5754446,38.5776624,1,35
1714816,1,31.0,3.0,11,-122.5751842,38.5782229,1,35
1714816,1,22.0,3.0,12,-122.5834507,38.57716420000001,1,35
1714816,1,1.0,3.0,13,-122.5802193,38.5760682,1,35
1714816,1,22.0,3.0,17,-122.5834507,38.57716420000001,1,35
1714816,1,1.0,3.0,18,-122.5802193,38.5760682,1,35
1714816,1,33.0,5.0,19,-122.470675,38.503202,1,35
1714816,1,1.0,5.0,21,-122.5802193,38.5760682,1,35
1714816,2,1.0,6.0,3,-122.5802193,38.5760682,1,61
1714816,2,25.0,3.0,7,-122.5891737,38.5784084,1,61
1714816,2,27.0,5.0,9,-122.217187,38.136284,1,61
1714816,2,25.0,5.0,11,-122.2565664,38.1040976,1,61
1714816,2,1.0,5.0,19,-122.5802193,38.5760682,1,61
1714816,2,33.0,5.0,19,-122.470675,38.503202,1,61
1714816,2,1.0,5.0,21,-122.5802193,38.5760682,1,61
1714816,3,1.0,6.0,3,-122.5802193,38.5760682,1,4
1714816,3,22.0,3.0,8,-122.5834507,38.57716420000001,1,4
1714816,3,17.0,3.0,8,-122.5751842,38.5782229,1,4
1714816,3,31.0,3.0,12,-122.5834507,38.57716420000001,1,4
1714816,3,1.0,3.0,13,-122.5802193,38.5760682,1,4
1714816,3,22.0,3.0,17,-122.5834507,38.57716420000001,1,4
1714816,3,1.0,3.0,18,-122.5802193,38.5760682,1,4
1714816,3,33.0,5.0,19,-122.470675,38.503202,1,4
1714816,3,1.0,5.0,21,-122.5802193,38.5760682,1,4
1714816,4,1.0,6.0,3,-122.5802193,38.5760682,1,5
1714816,4,17.0,3.0,8,-122.5834507,38.57716420000001,1,5
1714816,4,1.0,3.0,18,-122.5802193,38.5760682,1,5
1714816,4,33.0,5.0,19,-122.470675,38.503202,1,5
1714816,4,1.0,5.0,21,-122.5802193,38.5760682,1,5
1715976,1,8.0,6.0,3,-121.946136,38.020147,1,50
1715976,1,37.0,5.0,11,-121.8894913,38.0079218,1,50
1715976,1,8.0,5.0,15,-121.946136,38.020147,1,50
1715976,2,1.0,6.0,3,-121.946136,38.020147,1,63
1715976,2,32.0,5.0,14,-121.8702295,38.0099302,1,63
1715976,2,1.0,5.0,18,-121.946136,38.020147,1,63
1715976,3,1.0,6.0,3,-121.946136,38.020147,1,25
1715976,3,32.0,5.0,14,-121.8702295,38.0099302,1,25
1715976,3,1.0,5.0,18,-121.946136,38.020147,1,25
1717961,1,1.0,6.0,3,-122.265057,37.803989,1,58
1717961,1,27.0,1.0,23,-122.428207,37.768829,1,58
1717961,1,30.0,1.0,23,-122.4192439,37.7624446,1,58
1717961,1,27.0,1.0,1,-122.2713836,37.80395120000001,1,58
1717961,1,1.0,3.0,2,-122.265057,37.803989,1,58
1720099,1,1.0,6.0,3,-121.8888162,37.3320515,1,77
1723531,1,4.0,6.0,3,-122.100498,37.67025200000001,1,53
1723531,1,34.0,3.0,16,-122.0953055,37.6750834,1,53
1723531,1,1.0,3.0,16,-122.100498,37.67025200000001,1,53
1729994,1,1.0,6.0,3,-122.714896,38.435749,1,52
1729994,1,28.0,5.0,18,-122.727502,38.462116,1,52
1729994,1,28.0,5.0,19,-122.711642,38.4197149,1,52
1729994,1,28.0,5.0,19,-122.714769,38.380708,1,52
1729994,1,28.0,5.0,20,-122.7196455,38.46904650000001,1,52
1729994,1,37.0,5.0,21,-122.703818,38.490933,1,52
1729994,1,26.0,5.0,21,-122.717498,38.46065,1,52
1729994,1,1.0,5.0,21,-122.714896,38.435749,1,52
1729994,2,1.0,6.0,3,-122.714896,38.435749,1,61
1729994,2,15.0,3.0,12,-122.7128591,38.441819,1,61
1729994,2,8.0,3.0,12,-122.714896,38.435749,1,61
1729994,2,29.0,5.0,13,-122.7382835,38.4797177,1,61
1729994,2,27.0,5.0,14,-122.7328892,38.47593079999999,1,61
1729994,2,15.0,5.0,15,-122.7128591,38.441819,1,61
1729994,2,34.0,5.0,16,-122.713722,38.435203,1,61
1729994,2,1.0,3.0,19,-122.714896,38.435749,1,61
1731243,1,37.0,6.0,3,-82.4571776,27.950575,1,54
1732722,1,1.0,6.0,3,-122.268867,37.8555646,1,58
1735786,1,1.0,6.0,3,-122.0986291,38.0092141,1,39
1735786,1,9.0,5.0,9,-122.1302648,38.0154682,1,39
1735786,1,1.0,5.0,15,-122.0986291,38.0092141,1,39
1735786,2,1.0,6.0,3,-122.0986291,38.0092141,1,41
1735786,2,9.0,5.0,6,-122.098356,38.0093687,1,41
1735786,2,1.0,5.0,15,-122.0986291,38.0092141,1,41
1735786,3,1.0,6.0,3,-122.0986291,38.0092141,1,13
1735786,3,17.0,5.0,7,-122.13238490000002,38.0147701,1,13
1735786,3,1.0,5.0,14,-122.0986291,38.0092141,1,13
1735786,3,34.0,3.0,19,-122.092539,38.008812,1,13
1735786,3,1.0,3.0,20,-122.0986291,38.0092141,1,13
1735786,4,1.0,6.0,3,-122.0986291,38.0092141,1,7
1735786,4,17.0,3.0,8,-122.091932,38.008111,1,7
1735786,4,1.0,3.0,14,-122.0986291,38.0092141,1,7
1735786,4,34.0,3.0,19,-122.092539,38.008812,1,7
1735786,4,1.0,3.0,20,-122.0986291,38.0092141,1,7
1737217,1,1.0,6.0,3,-122.424019,37.7490499,1,61
1741546,1,1.0,6.0,3,-121.581118,37.0147,1,44
1741546,1,32.0,1.0,5,-121.571089,37.035599,1,44
1741546,1,1.0,1.0,11,-121.581118,37.0147,1,44
1741546,2,1.0,6.0,3,-121.581118,37.0147,1,66
1752269,1,1.0,6.0,3,-122.250284,37.823853,1,79
1752269,1,27.0,3.0,15,-122.25303999999998,37.82618,1,79
1752269,1,1.0,3.0,16,-122.250284,37.823853,1,79
1753343,1,1.0,6.0,3,-122.254624,37.494036,1,51
1755570,1,8.0,6.0,3,-122.4093639,37.7513276,1,58
1755570,2,1.0,6.0,3,-122.4093639,37.7513276,1,74
1755570,2,17.0,3.0,8,-122.4182112,37.7609368,1,74
1755570,2,1.0,3.0,13,-122.4093639,37.7513276,1,74
1755570,2,39.0,3.0,18,-122.4184616,37.7522409,1,74
1755570,2,1.0,3.0,18,-122.4093639,37.7513276,1,74
1760673,1,1.0,6.0,3,-122.3420247,37.9346187,1,28
1760673,2,1.0,6.0,3,-122.3420247,37.9346187,1,30
1760673,2,27.0,3.0,11,-122.3485821,37.9357234,1,30
1760673,2,1.0,3.0,12,-122.3420247,37.9346187,1,30
1761596,1,1.0,6.0,3,-122.2757342,37.8062264,1,60
1761596,1,37.0,1.0,13,-122.4474449,37.7728261,1,60
1761596,1,37.0,3.0,13,-122.4835193,37.76904,1,60
1761596,1,37.0,3.0,17,-122.4474449,37.7728261,1,60
1761596,1,39.0,3.0,17,-122.446103,37.7739349,1,60
1761596,1,1.0,1.0,19,-122.2757342,37.8062264,1,60
1762922,1,1.0,6.0,3,-122.16654,37.7493679,1,75
1773432,1,1.0,6.0,3,-122.4270424,37.7773278,1,23
1773432,1,9.0,5.0,8,-122.4408242,37.775479,1,23
1773432,1,1.0,5.0,15,-122.4270424,37.7773278,1,23
1776337,1,1.0,6.0,3,-121.924363,37.531674,1,49
1776337,1,29.0,5.0,8,-121.9592052,37.5329719,1,49
1776337,1,7.0,5.0,8,-121.924363,37.531674,1,49
1776337,2,1.0,6.0,3,-121.924363,37.531674,1,46
1776337,2,38.0,5.0,10,-121.96948,37.5136619,1,46
1776337,2,29.0,5.0,11,-121.9704699,37.518586,1,46
1776337,2,8.0,5.0,12,-121.924363,37.531674,1,46
1776337,2,22.0,5.0,17,-122.0419557,37.62545479999999,1,46
1776337,2,37.0,5.0,17,-122.017352,37.579852,1,46
1776337,2,1.0,5.0,22,-121.924363,37.531674,1,46
1776337,3,1.0,6.0,3,-121.924363,37.531674,1,15
1776337,3,38.0,5.0,10,-121.96948,37.5136619,1,15
1776337,3,29.0,5.0,11,-121.9704699,37.518586,1,15
1776337,3,8.0,5.0,12,-121.924363,37.531674,1,15
1776337,3,35.0,5.0,17,-122.0419557,37.62545479999999,1,15
1776337,3,37.0,5.0,21,-122.017352,37.579852,1,15
1776337,3,1.0,5.0,22,-121.924363,37.531674,1,15
1776337,4,1.0,6.0,3,-121.924363,37.531674,1,11
1776337,4,22.0,5.0,17,-122.0419557,37.62545479999999,1,11
1776337,4,37.0,5.0,17,-122.017352,37.579852,1,11
1776337,4,1.0,5.0,22,-121.924363,37.531674,1,11
1804634,1,1.0,6.0,3,-122.031999,37.382319,1,32
1804634,1,9.0,3.0,8,-122.029717,37.388589,1,32
1804634,1,1.0,3.0,17,-122.031999,37.382319,1,32
1810213,1,1.0,6.0,3,-122.280841,37.49978400000001,1,65
1810213,1,23.0,5.0,12,-122.2755274,37.5200254,1,65
1810213,1,22.0,5.0,13,-122.2565326,37.8477428,1,65
1810213,1,36.0,5.0,13,-122.26831570000002,37.8687679,1,65
1810213,1,37.0,5.0,17,-122.2565326,37.8477428,1,65
1810213,1,32.0,5.0,18,-122.248847,37.496982,1,65
1810213,1,2.0,5.0,19,-122.280841,37.49978400000001,1,65
1827535,1,7.0,6.0,3,-122.740267,38.458134,1,51
1829827,1,3.0,6.0,3,-122.465988,37.720553,1,80
1829827,2,8.0,6.0,3,-122.465988,37.720553,1,23
1839001,1,1.0,6.0,3,-122.327463,37.996975,1,63
1847157,1,1.0,6.0,3,-122.812629,38.54532260000001,1,65
1847157,1,29.0,5.0,10,-122.813486,38.547141,1,65
1847157,1,31.0,5.0,11,-122.45789,38.293815,1,65
1847157,1,37.0,5.0,14,-122.52581399999998,38.362619,1,65
1857377,1,1.0,6.0,3,-121.586342,37.027024,1,41
1857377,1,27.0,5.0,12,-121.5855025,37.01351079999999,1,41
1857377,1,27.0,5.0,13,-121.595628,37.013571,1,41
1857377,1,1.0,5.0,13,-121.586342,37.027024,1,41
1857377,1,27.0,5.0,17,-121.595628,37.013571,1,41
1857377,1,23.0,5.0,19,-121.782718,36.917792,1,41
1857377,1,7.0,5.0,21,-121.586342,37.027024,1,41
1857377,2,1.0,6.0,3,-121.586342,37.027024,1,37
1857377,2,27.0,5.0,12,-121.5855025,37.01351079999999,1,37
1857377,2,27.0,5.0,13,-121.595628,37.013571,1,37
1857377,2,1.0,5.0,13,-121.586342,37.027024,1,37
1857377,2,23.0,5.0,17,-121.595628,37.013571,1,37
1857377,2,23.0,5.0,19,-121.782718,36.917792,1,37
1857377,2,8.0,5.0,21,-121.586342,37.027024,1,37
1858679,1,1.0,6.0,3,-122.294555,38.31032800000001,1,42
1858679,1,9.0,5.0,6,-122.4138339,38.4640048,1,42
1858679,1,1.0,5.0,17,-122.294555,38.31032800000001,1,42
1858679,1,29.0,5.0,17,-122.2850935,38.3101696,1,42
1858679,1,1.0,5.0,18,-122.294555,38.31032800000001,1,42
1858679,1,27.0,3.0,19,-122.295788,38.309088,1,42
1858679,1,1.0,3.0,19,-122.294555,38.31032800000001,1,42
1870557,1,1.0,6.0,3,-122.4114314,37.7765449,1,63
1870557,1,27.0,3.0,13,-122.4114134,37.773752,1,63
1870557,1,27.0,3.0,14,-122.4100481,37.7725432,1,63
1870557,1,30.0,3.0,14,-122.4147293,37.7787477,1,63
1870557,1,1.0,3.0,15,-122.4114314,37.7765449,1,63
1877928,1,1.0,6.0,3,-122.41019579999998,37.7833977,1,47
1877928,1,30.0,3.0,7,-122.4132137,37.78205379999999,1,47
1877928,1,30.0,3.0,10,-122.4121088,37.781817,1,47
1877928,1,31.0,3.0,16,-122.4113273,37.7851562,1,47
1877928,1,2.0,3.0,17,-122.41019579999998,37.7833977,1,47
1880135,1,1.0,6.0,3,-122.040768,37.966878,1,32
1880135,1,37.0,3.0,18,-122.0382586,37.9770078,1,32
1880135,1,1.0,3.0,21,-122.040768,37.966878,1,32
1880135,2,32.0,6.0,3,-122.0382586,37.9770078,1,62
1880135,3,1.0,6.0,3,-122.040768,37.966878,1,11
1880135,3,37.0,3.0,18,-122.0382586,37.9770078,1,11
1880135,3,1.0,3.0,21,-122.040768,37.966878,1,11
1880135,4,1.0,6.0,3,-122.040768,37.966878,1,10
1880135,4,37.0,3.0,18,-122.0382586,37.9770078,1,10
1880135,4,1.0,3.0,21,-122.040768,37.966878,1,10
1884134,1,1.0,6.0,3,-122.4764921,38.298477,1,67
1887093,1,1.0,6.0,3,-122.179231,37.447592,1,68
1893903,1,1.0,6.0,3,-122.5163467,37.9716084,1,96
1896737,1,39.0,6.0,3,-121.8594407,37.9979828,1,72
1896737,1,39.0,3.0,14,-121.8594407,37.9979828,1,72
1896737,1,1.0,3.0,17,-121.8594407,37.9979828,1,72
1907718,1,31.0,6.0,3,-121.601222,37.008288,1,86
1907718,1,31.0,5.0,9,-121.5864747,37.0144334,1,86
1907718,1,22.0,5.0,9,-121.589311,37.013437,1,86
1907718,1,1.0,5.0,10,-121.60104,37.010686,1,86
1908256,1,1.0,6.0,3,-122.043891,37.94139600000001,1,43
1908256,1,9.0,5.0,8,-122.272377,37.8034869,1,43
1908256,1,31.0,3.0,13,-122.272918,37.803409,1,43
1908256,1,9.0,3.0,13,-122.272377,37.8034869,1,43
1908256,1,2.0,5.0,19,-122.043891,37.94139600000001,1,43
1908256,2,7.0,6.0,3,-122.043891,37.94139600000001,1,56
1929767,1,1.0,6.0,3,-121.9431268,37.4165258,1,50
1929767,2,1.0,6.0,3,-121.9431268,37.4165258,1,48
1929767,3,1.0,6.0,3,-121.9431268,37.4165258,1,17
1933056,1,1.0,6.0,3,-121.957522,37.342126,1,60
1933056,1,29.0,5.0,6,-121.959145,37.35546,1,60
1933056,1,27.0,5.0,7,-121.9698119,37.34062479999999,1,60
1933056,1,29.0,5.0,7,-121.959145,37.35546,1,60
1933056,1,1.0,5.0,8,-121.957522,37.342126,1,60
1933056,1,29.0,2.0,16,-121.973299,37.340304,1,60
1933056,1,1.0,2.0,17,-121.957522,37.342126,1,60
1934681,1,1.0,6.0,3,-122.5429209,37.9766054,1,66
1934681,1,9.0,5.0,13,-122.5308074,37.9729887,1,66
1934681,1,2.0,5.0,17,-122.5429209,37.9766054,1,66
1939051,1,1.0,6.0,3,-122.48860790000002,38.31246760000001,1,62
1942928,1,1.0,6.0,3,-122.75961399999998,38.430477,1,54
1942928,1,27.0,5.0,9,-122.5883005,38.2274849,1,54
1942928,1,27.0,5.0,10,-122.719633,38.348646,1,54
1942928,1,27.0,5.0,11,-122.75115900000002,38.450545,1,54
1942928,1,1.0,5.0,12,-122.75961399999998,38.430477,1,54
1951581,1,1.0,6.0,3,-122.1844434,37.7577609,1,62
1951581,1,30.0,5.0,11,-122.224312,37.77706,1,62
1951581,1,1.0,5.0,11,-122.1844434,37.7577609,1,62
1951581,1,22.0,5.0,15,-122.106011,37.6672269,1,62
1951581,1,22.0,5.0,16,-122.1120889,37.6987613,1,62
1951581,1,26.0,5.0,17,-121.435306,37.761801,1,62
1951581,1,31.0,5.0,18,-121.436209,37.761484,1,62
1951581,1,33.0,5.0,20,-120.450565,37.3192809,1,62
1951581,1,30.0,5.0,20,-120.452817,37.287749,1,62
1951581,1,33.0,5.0,21,-120.450565,37.3192809,1,62
1951581,1,30.0,5.0,24,-120.452817,37.287749,1,62
1952119,1,39.0,6.0,3,-122.4147115,37.7508581,1,26
1952119,1,39.0,3.0,16,-122.4184611,37.75222479999999,1,26
1952119,1,39.0,1.0,16,-122.4008491,37.7899768,1,26
1952119,1,39.0,3.0,17,-122.403461,37.788203,1,26
1952119,1,39.0,1.0,17,-122.4257108,37.7944974,1,26
1952119,1,39.0,3.0,17,-122.408604,37.797189,1,26
1952119,1,39.0,1.0,18,-122.409962,37.787214,1,26
1952119,1,39.0,3.0,19,-122.4279635,37.7850651,1,26
1952119,1,39.0,5.0,20,-122.404299,37.788123,1,26
1952119,1,39.0,5.0,21,-122.4395039,37.7184729,1,26
1952119,1,39.0,5.0,21,-122.4508482,37.7193175,1,26
1952119,1,39.0,5.0,23,-122.447489,37.721511,1,26
1952119,1,39.0,1.0,23,-122.4184611,37.75222479999999,1,26
1952119,1,39.0,3.0,24,-122.4147115,37.7508581,1,26
1953690,1,1.0,6.0,3,-122.218141,38.078034,1,64
1953690,2,1.0,5.0,1,-122.218141,38.078034,1,61
1953690,3,1.0,6.0,3,-122.218141,38.078034,1,26
1953690,3,30.0,5.0,16,-122.22834,38.112419,1,26
1953690,3,1.0,5.0,16,-122.218141,38.078034,1,26
1953690,3,22.0,5.0,23,-121.5879408,38.6926862,1,26
1953690,3,1.0,5.0,1,-122.218141,38.078034,1,26
1963592,1,1.0,6.0,3,-122.622397,38.244419,1,62
1963592,2,1.0,6.0,3,-122.622397,38.244419,1,57
1963592,3,1.0,6.0,3,-122.622397,38.244419,1,23
1965607,1,1.0,6.0,3,-122.705975,38.343956,1,56
1965607,1,27.0,1.0,14,-122.6654614,38.2734411,1,56
1965607,1,37.0,1.0,17,-122.6256901,38.2620036,1,56
1965607,1,1.0,5.0,21,-122.705975,38.343956,1,56
1973122,1,1.0,6.0,3,-122.9666462,38.3862166,1,46
1973122,2,1.0,6.0,3,-122.9666462,38.3862166,1,51
1973400,1,1.0,6.0,3,-122.374867,38.70055,1,55
1973400,1,25.0,5.0,10,-122.4418904,38.5727619,1,55
1973400,1,25.0,5.0,12,-122.4651293,38.5045472,1,55
1973400,1,25.0,5.0,14,-122.4759722,38.534902,1,55
1973400,1,25.0,5.0,16,-122.465474,38.654354,1,55
1973400,1,1.0,5.0,17,-122.374867,38.70055,1,55
1974325,1,1.0,6.0,3,-122.7717769,38.4447204,1,62
1974325,1,34.0,5.0,7,-122.7599366,38.4374889,1,62
1974325,1,8.0,5.0,8,-122.7717769,38.4447204,1,62
1974325,1,29.0,5.0,10,-122.774332,38.4242423,1,62
1974325,1,8.0,5.0,10,-122.7717769,38.4447204,1,62
1974325,1,37.0,5.0,10,-122.7085106,38.4584228,1,62
1974325,1,27.0,5.0,11,-122.743504,38.432487,1,62
1974325,1,8.0,5.0,11,-122.7717769,38.4447204,1,62
1974325,1,37.0,5.0,12,-122.748551,38.410655,1,62
1974325,1,30.0,5.0,13,-122.6244847,38.3978997,1,62
1974325,1,37.0,5.0,15,-122.748551,38.410655,1,62
1974325,1,29.0,5.0,16,-122.774332,38.4242423,1,62
1974325,1,8.0,5.0,16,-122.7717769,38.4447204,1,62
1982876,1,1.0,6.0,3,-122.2560324,37.5104684,1,69
1982876,1,29.0,3.0,9,-122.22919840000002,37.489209,1,69
1982876,1,1.0,3.0,9,-122.2560324,37.5104684,1,69
1982876,1,22.0,5.0,10,-122.283515,37.55002800000001,1,69
1982876,1,32.0,5.0,10,-122.3262858,37.56546210000001,1,69
1982876,1,27.0,5.0,11,-122.31438500000002,37.552456,1,69
1982876,1,36.0,5.0,11,-122.3047001,37.53405789999999,1,69
1982876,1,29.0,5.0,11,-122.299657,37.5352331,1,69
1982876,1,37.0,5.0,12,-122.3047001,37.53405789999999,1,69
1982876,1,27.0,5.0,12,-122.249143,37.50004000000001,1,69
1982876,1,7.0,5.0,12,-122.2560324,37.5104684,1,69
2000478,1,1.0,6.0,3,-121.804602,38.003002,1,53
2000478,1,25.0,5.0,7,-121.801067,38.007699,1,53
2000478,1,2.0,5.0,12,-121.804602,38.003002,1,53
2000478,1,25.0,5.0,12,-121.8160663,38.0059557,1,53
2000478,1,37.0,5.0,14,-121.793271,38.009695,1,53
2000478,1,27.0,5.0,14,-121.75502659999998,38.006925,1,53
2000478,1,1.0,5.0,15,-121.804602,38.003002,1,53
2009805,1,1.0,6.0,3,-121.97429,37.28914,1,58
2009805,1,36.0,5.0,9,-121.943267,37.288237,1,58
2009805,1,23.0,5.0,10,-121.94509920000002,37.2871724,1,58
2009805,1,27.0,5.0,10,-121.949717,37.296145,1,58
2009805,1,22.0,5.0,12,-121.879029,37.33889600000001,1,58
2009805,1,1.0,5.0,12,-121.97429,37.28914,1,58
2009805,1,24.0,5.0,16,-121.932508,37.291418,1,58
2009805,1,1.0,5.0,16,-121.97429,37.28914,1,58
2011024,1,1.0,6.0,3,-122.565469,37.97987,1,51
2011024,1,27.0,3.0,15,-122.562424,37.977379,1,51
2011024,1,27.0,3.0,15,-122.5621214,37.9733374,1,51
2011024,1,27.0,3.0,16,-122.5626347,37.975757,1,51
2011024,1,27.0,3.0,16,-122.564512,37.979558,1,51
2011024,1,29.0,3.0,16,-122.5645225,37.9795123,1,51
2011024,1,27.0,3.0,16,-122.564497,37.980665,1,51
2011024,1,1.0,3.0,17,-122.565469,37.97987,1,51
2025282,1,1.0,6.0,3,-122.349755,37.972461,1,55
2025282,1,32.0,5.0,8,-122.2725507,38.0218284,1,55
2025282,1,1.0,5.0,12,-122.349755,37.972461,1,55
2025282,1,32.0,5.0,15,-122.2725507,38.0218284,1,55
2025282,1,27.0,5.0,16,-122.2706076,38.0080845,1,55
2025282,1,2.0,5.0,18,-122.349755,37.972461,1,55
2229441,1,1.0,6.0,3,-122.205046,37.479995,1,75
2229441,1,37.0,5.0,11,-122.277381,37.517368,1,75
2229441,1,1.0,5.0,15,-122.205046,37.479995,1,75
2229441,1,29.0,5.0,16,-122.19670659999998,37.4633126,1,75
2229441,1,1.0,5.0,16,-122.205046,37.479995,1,75
2229441,2,1.0,6.0,3,-122.205046,37.479995,1,40
2229441,2,29.0,5.0,16,-122.19670659999998,37.4633126,1,40
2229441,2,8.0,5.0,16,-122.205046,37.479995,1,40
2256477,1,2.0,6.0,3,-122.2266291,38.09105020000001,1,55
2256477,1,27.0,5.0,12,-122.217848,38.135187,1,55
2256477,1,8.0,5.0,14,-122.2266291,38.09105020000001,1,55
2492331,1,2.0,6.0,3,-121.82637,38.441029,1,24
2492331,1,9.0,5.0,8,-121.1831199,38.6591299,1,24
2492331,1,2.0,5.0,18,-121.82637,38.441029,1,24
2492331,2,2.0,6.0,3,-121.82637,38.441029,1,68
2492331,2,27.0,3.0,8,-121.820902,38.471415,1,68
2492331,2,2.0,3.0,10,-121.82637,38.441029,1,68
2492331,3,1.0,6.0,3,-121.82637,38.441029,1,23
2492331,3,9.0,5.0,8,-121.455691,38.619832,1,23
2492331,3,2.0,5.0,15,-121.82637,38.441029,1,23
2497280,1,1.0,6.0,3,-122.364805,37.9600848,1,30
2497280,1,22.0,3.0,8,-122.363417,37.961638,1,30
2497280,1,1.0,3.0,12,-122.364805,37.9600848,1,30
2497280,1,22.0,3.0,17,-122.363417,37.961638,1,30
2497280,1,1.0,3.0,17,-122.364805,37.9600848,1,30
2497280,2,1.0,6.0,3,-122.364805,37.9600848,1,35
2497280,2,25.0,5.0,7,-122.3156333,37.9803479,1,35
2497280,2,1.0,5.0,16,-122.364805,37.9600848,1,35
2497280,3,1.0,6.0,3,-122.364805,37.9600848,1,9
2497280,3,17.0,3.0,8,-122.363417,37.961638,1,9
2497280,3,1.0,3.0,17,-122.364805,37.9600848,1,9
2497280,4,1.0,6.0,3,-122.364805,37.9600848,1,2
2497280,4,22.0,3.0,8,-122.363417,37.961638,1,2
2497280,4,1.0,3.0,12,-122.364805,37.9600848,1,2
2497280,4,22.0,3.0,17,-122.363417,37.961638,1,2
2497280,4,1.0,3.0,17,-122.364805,37.9600848,1,2
2497454,1,1.0,6.0,3,-121.845481,38.000289,1,49
2497454,1,22.0,5.0,7,-121.815677,38.00595300000001,1,49
2497454,1,22.0,5.0,7,-121.7842787,37.9583843,1,49
2497454,1,1.0,5.0,8,-121.845481,38.000289,1,49
2497454,1,37.0,5.0,9,-121.8963398,38.0134469,1,49
2497454,1,37.0,5.0,13,-121.8730387,38.0028098,1,49
2497454,1,22.0,5.0,16,-121.815677,38.00595300000001,1,49
2497454,1,22.0,5.0,16,-121.812393,38.004719,1,49
2497454,1,24.0,5.0,16,-121.815677,38.00595300000001,1,49
2497454,1,30.0,5.0,17,-121.812393,38.004719,1,49
2497454,1,29.0,5.0,17,-121.8397414,38.0027699,1,49
2497454,1,27.0,5.0,18,-121.835542,38.0062,1,49
2497454,1,1.0,5.0,18,-121.845481,38.000289,1,49
2497454,2,1.0,6.0,3,-121.845481,38.000289,1,16
2497454,2,17.0,5.0,7,-121.815677,38.00595300000001,1,16
2497454,2,20.0,3.0,14,-121.812393,38.004719,1,16
2497454,2,19.0,5.0,16,-121.815677,38.00595300000001,1,16
2497454,2,36.0,5.0,17,-121.812393,38.004719,1,16
2497454,2,29.0,5.0,17,-121.8397414,38.0027699,1,16
2497454,2,27.0,5.0,18,-121.835542,38.0062,1,16
2497454,2,1.0,5.0,18,-121.845481,38.000289,1,16
2497454,3,1.0,6.0,3,-121.845481,38.000289,1,15
2497454,3,22.0,5.0,7,-121.815677,38.00595300000001,1,15
2497454,3,17.0,5.0,7,-121.7842787,37.9583843,1,15
2497454,3,37.0,5.0,15,-121.8006925,38.004392,1,15
2497454,3,34.0,5.0,15,-121.815677,38.00595300000001,1,15
2497454,3,22.0,5.0,16,-121.812393,38.004719,1,15
2497454,3,30.0,5.0,16,-121.815677,38.00595300000001,1,15
2497454,3,37.0,5.0,17,-121.812393,38.004719,1,15
2497454,3,29.0,5.0,17,-121.8397414,38.0027699,1,15
2497454,3,27.0,5.0,18,-121.835542,38.0062,1,15
2497454,3,1.0,5.0,18,-121.845481,38.000289,1,15
2510579,1,1.0,6.0,3,-122.323558,37.999933,1,80
2510579,1,32.0,5.0,7,-122.3605376,37.9371391,1,80
2510579,1,2.0,5.0,7,-122.323558,37.999933,1,80
2510579,1,37.0,5.0,9,-122.33683290000002,37.9611858,1,80
2510579,1,33.0,5.0,11,-122.3428638,37.95603120000001,1,80
2510579,1,22.0,5.0,12,-122.33683290000002,37.9611858,1,80
2510579,1,1.0,5.0,12,-122.323558,37.999933,1,80
2510579,2,1.0,6.0,3,-122.323558,37.999933,1,58
2510579,2,9.0,1.0,10,-122.318583,37.942162,1,58
2510579,2,2.0,1.0,18,-122.323558,37.999933,1,58
2510579,2,33.0,5.0,18,-122.293794,38.004863,1,58
2510579,2,1.0,5.0,22,-122.323558,37.999933,1,58
2511536,1,1.0,6.0,3,-121.8596739,37.3621468,1,53
2511536,1,9.0,5.0,11,-121.8601766,37.3307828,1,53
2511536,1,1.0,5.0,19,-121.8596739,37.3621468,1,53
2511536,1,22.0,5.0,24,-121.8673474,37.379679,1,53
2511536,1,1.0,5.0,24,-121.8596739,37.3621468,1,53
2511536,2,1.0,6.0,3,-121.8596739,37.3621468,1,29
2511536,2,9.0,1.0,16,-121.9687021,37.3916751,1,29
2511536,2,1.0,5.0,24,-121.8596739,37.3621468,1,29
2512457,1,1.0,6.0,3,-121.97671499999998,38.365477,1,58
2512457,1,25.0,1.0,7,-122.007114,38.354829,1,58
2512457,1,27.0,3.0,11,-122.005481,38.357458,1,58
2512457,1,1.0,1.0,13,-121.97671499999998,38.365477,1,58
2527584,1,39.0,6.0,3,-122.92394,38.508183,1,40
2527584,2,39.0,6.0,3,-122.92394,38.508183,1,46
2527584,2,39.0,5.0,6,-122.8931879,38.47363060000001,1,46
2527584,2,39.0,5.0,6,-122.92394,38.508183,1,46
2527584,2,39.0,5.0,14,-122.8900853,38.4737521,1,46
2527584,2,39.0,5.0,15,-122.92394,38.508183,1,46
2527584,2,39.0,5.0,17,-122.889562,38.481329,1,46
2527584,2,39.0,5.0,18,-122.925873,38.5067189,1,46
2527584,2,39.0,5.0,18,-122.92394,38.508183,1,46
2527584,3,39.0,6.0,3,-122.92394,38.508183,1,15
2527584,3,39.0,1.0,7,-122.889562,38.481329,1,15
2527584,3,39.0,5.0,18,-122.925873,38.5067189,1,15
2527584,3,39.0,5.0,18,-122.92394,38.508183,1,15
2527584,4,39.0,6.0,3,-122.92394,38.508183,1,9
2527584,4,39.0,1.0,8,-122.888312,38.473368,1,9
2527584,4,39.0,3.0,15,-122.8900853,38.4737521,1,9
2527584,4,39.0,5.0,15,-122.92394,38.508183,1,9
2545618,1,1.0,6.0,3,-122.219873,37.48884,1,65
2545618,1,27.0,5.0,10,-122.230897,37.484026,1,65
2545618,1,8.0,5.0,11,-122.219873,37.48884,1,65
2547341,1,1.0,6.0,3,-122.3765386,37.7301137,1,44
2547341,1,22.0,5.0,7,-122.3961899,37.7194984,1,44
2547341,1,22.0,5.0,8,-122.4055246,37.7203968,1,44
2547341,1,1.0,5.0,8,-122.3765386,37.7301137,1,44
2547341,1,27.0,5.0,9,-122.3929618,37.7288651,1,44
2547341,1,1.0,5.0,9,-122.3765386,37.7301137,1,44
2547341,1,22.0,5.0,11,-122.404959,37.755696,1,44
2547341,1,1.0,5.0,11,-122.3765386,37.7301137,1,44
2547341,1,22.0,5.0,15,-122.4055246,37.7203968,1,44
2547341,1,1.0,5.0,15,-122.3765386,37.7301137,1,44
2547341,1,22.0,5.0,16,-122.3961899,37.7194984,1,44
2547341,1,1.0,5.0,16,-122.3765386,37.7301137,1,44
2547341,1,22.0,5.0,17,-122.404959,37.755696,1,44
2547341,1,1.0,5.0,17,-122.3765386,37.7301137,1,44
2547341,2,1.0,6.0,3,-122.3765386,37.7301137,1,30
2547341,2,9.0,5.0,11,-122.404959,37.755696,1,30
2547341,2,1.0,5.0,17,-122.3765386,37.7301137,1,30
2547341,2,17.0,5.0,17,-122.449468,37.724736,1,30
2547341,2,22.0,5.0,20,-122.4037818,37.7112172,1,30
2547341,2,26.0,5.0,21,-122.4031871,37.7306067,1,30
2547341,2,27.0,5.0,21,-122.3929618,37.7288651,1,30
2547341,2,1.0,5.0,21,-122.3765386,37.7301137,1,30
2547341,3,1.0,6.0,3,-122.3765386,37.7301137,1,16
2547341,3,22.0,5.0,7,-122.3961899,37.7194984,1,16
2547341,3,17.0,5.0,8,-122.4055246,37.7203968,1,16
2547341,3,1.0,5.0,15,-122.3765386,37.7301137,1,16
2547341,4,1.0,6.0,3,-122.3765386,37.7301137,1,10
2547341,4,17.0,5.0,7,-122.3961899,37.7194984,1,10
2547341,4,1.0,5.0,16,-122.3765386,37.7301137,1,10
2552811,1,1.0,6.0,3,-122.081414,37.880137,1,66
2552811,1,30.0,5.0,14,-122.2142686,37.83273300000001,1,66
2552811,1,27.0,5.0,14,-122.0654108,37.91824920000001,1,66
2552811,1,31.0,5.0,15,-122.062993,37.9256572,1,66
2552811,1,1.0,5.0,15,-122.081414,37.880137,1,66
2559682,1,1.0,6.0,3,-122.743296,38.4606179,1,73
2559682,1,27.0,1.0,10,-122.717838,38.439613,1,73
2559682,1,1.0,1.0,12,-122.743296,38.4606179,1,73
2559682,1,22.0,5.0,14,-122.671461,38.4807879,1,73
2559682,1,1.0,5.0,15,-122.743296,38.4606179,1,73
2559682,2,1.0,6.0,3,-122.743296,38.4606179,1,61
2559682,3,1.0,6.0,3,-122.743296,38.4606179,1,13
2559682,3,17.0,5.0,8,-122.671461,38.4807879,1,13
2559682,3,1.0,5.0,15,-122.743296,38.4606179,1,13
2564085,1,1.0,6.0,3,-122.507052,37.750533,1,54
2564085,1,9.0,1.0,12,-122.5016972,37.7284695,1,54
2564085,1,1.0,1.0,18,-122.507052,37.750533,1,54
2564085,2,1.0,6.0,3,-122.507052,37.750533,1,52
2567004,1,1.0,6.0,3,-121.71066299999998,37.184306,1,40
2567004,1,27.0,1.0,9,-121.865516,37.252378,1,40
2567004,1,1.0,1.0,14,-121.71066299999998,37.184306,1,40
2567004,2,1.0,6.0,3,-121.71066299999998,37.184306,1,50
2567004,2,27.0,1.0,9,-121.865516,37.252378,1,50
2567004,2,1.0,1.0,14,-121.71066299999998,37.184306,1,50
2567004,3,1.0,6.0,3,-121.71066299999998,37.184306,1,11
2567004,3,27.0,1.0,9,-121.865516,37.252378,1,11
2567004,3,1.0,1.0,14,-121.71066299999998,37.184306,1,11
2567004,4,1.0,6.0,3,-121.71066299999998,37.184306,1,9
2567004,4,27.0,1.0,9,-121.865516,37.252378,1,9
2567004,4,1.0,1.0,14,-121.71066299999998,37.184306,1,9
2571642,1,1.0,6.0,3,-122.332897,37.934412,1,41
2571642,1,34.0,3.0,11,-122.3398021,37.9328436,1,41
2571642,1,1.0,3.0,13,-122.332897,37.934412,1,41
2571642,2,1.0,6.0,3,-122.332897,37.934412,1,17
2571642,3,1.0,6.0,3,-122.332897,37.934412,1,8
2571642,3,34.0,3.0,11,-122.3398021,37.9328436,1,8
2571642,3,1.0,3.0,13,-122.332897,37.934412,1,8
2573760,1,1.0,6.0,3,-121.875981,37.238712,1,64
2573760,1,35.0,3.0,7,-121.8768469,37.2392497,1,64
2573760,1,1.0,3.0,8,-121.875981,37.238712,1,64
2573760,1,37.0,5.0,9,-121.8980992,37.3043076,1,64
2573760,1,1.0,5.0,11,-121.875981,37.238712,1,64
2573760,1,39.0,3.0,16,-121.8776394,37.2321938,1,64
2573760,1,1.0,3.0,17,-121.875981,37.238712,1,64
2573760,1,17.0,5.0,18,-121.771261,37.300472,1,64
2573760,1,1.0,5.0,21,-121.875981,37.238712,1,64
2573760,2,1.0,6.0,3,-121.875981,37.238712,1,64
2573760,2,28.0,5.0,13,-121.6477668,37.15603170000001,1,64
2573760,2,2.0,5.0,15,-121.875981,37.238712,1,64
2573760,2,39.0,3.0,16,-121.8776394,37.2321938,1,64
2573760,2,2.0,3.0,17,-121.875981,37.238712,1,64
2580282,1,1.0,6.0,3,-122.318804,37.93049,1,51
2580282,1,22.0,5.0,8,-122.300525,37.915758,1,51
2580282,1,22.0,5.0,8,-122.298311,37.927838,1,51
2580282,1,9.0,1.0,9,-122.267597,37.80742100000001,1,51
2580282,1,2.0,1.0,19,-122.318804,37.93049,1,51
2580282,2,1.0,6.0,3,-122.318804,37.93049,1,59
2580282,2,9.0,5.0,7,-122.2364799,37.7259293,1,59
2580282,2,22.0,5.0,17,-122.298311,37.927838,1,59
2580282,2,22.0,5.0,17,-122.3082467,37.9213514,1,59
2580282,2,22.0,5.0,17,-122.306942,37.918484,1,59
2580282,2,22.0,5.0,18,-122.318804,37.93049,1,59
2580282,2,27.0,5.0,18,-122.315534,37.921931,1,59
2580282,2,23.0,5.0,18,-122.3207062,37.92828460000001,1,59
2580282,2,22.0,5.0,18,-122.3082467,37.9213514,1,59
2580282,2,33.0,5.0,19,-122.2945887,37.9030578,1,59
2580282,2,1.0,5.0,21,-122.318804,37.93049,1,59
2580282,3,1.0,6.0,3,-122.318804,37.93049,1,12
2580282,3,17.0,5.0,8,-122.300525,37.915758,1,12
2580282,3,37.0,3.0,14,-122.306942,37.918484,1,12
2580282,3,7.0,5.0,18,-122.318804,37.93049,1,12
2580282,4,1.0,6.0,3,-122.318804,37.93049,1,10
2580282,4,22.0,5.0,8,-122.300525,37.915758,1,10
2580282,4,17.0,5.0,8,-122.298311,37.927838,1,10
2580282,4,34.0,5.0,17,-122.3082467,37.9213514,1,10
2580282,4,33.0,5.0,19,-122.2945887,37.9030578,1,10
2580282,4,1.0,5.0,21,-122.318804,37.93049,1,10
2586509,1,2.0,6.0,3,-122.3065445,37.9023024,1,65
2586509,1,29.0,5.0,11,-122.3059995,37.90761060000001,1,65
2586509,1,23.0,5.0,11,-122.306042,37.9076701,1,65
2586509,1,1.0,5.0,11,-122.3065445,37.9023024,1,65
2586509,2,1.0,6.0,3,-122.3065445,37.9023024,1,91
2586509,2,38.0,5.0,11,-122.3059995,37.90761060000001,1,91
2586509,2,23.0,5.0,11,-122.306042,37.9076701,1,91
2586509,2,1.0,5.0,11,-122.3065445,37.9023024,1,91
2590379,1,1.0,6.0,3,-122.201686,37.473488,1,70
2590379,2,1.0,6.0,3,-122.201686,37.473488,1,42
2597327,1,1.0,6.0,3,-121.836852,37.980551,1,71
2597327,1,27.0,5.0,6,-121.8235126,37.9882684,1,71
2597327,1,8.0,5.0,7,-121.836852,37.980551,1,71
2597327,1,22.0,5.0,8,-121.7032344,37.9197556,1,71
2597327,1,32.0,5.0,9,-121.812717,38.015967,1,71
2597327,1,29.0,5.0,9,-121.81628,38.004901,1,71
2597327,1,22.0,5.0,11,-121.7032344,37.9197556,1,71
2597327,1,34.0,5.0,11,-121.7139946,37.9892582,1,71
2597327,1,22.0,5.0,12,-121.716463,37.9947848,1,71
2597327,1,1.0,5.0,13,-121.836852,37.980551,1,71
2597327,1,28.0,5.0,16,-121.833309,38.005153,1,71
2597327,1,8.0,5.0,18,-121.836852,37.980551,1,71
2597327,1,31.0,5.0,19,-122.05809,37.932856,1,71
2597327,1,1.0,5.0,21,-121.836852,37.980551,1,71
2597327,2,38.0,6.0,3,-93.7121656,41.6266555,1,58
2604174,1,1.0,6.0,3,-122.3783501,37.732404,1,50
2604174,1,32.0,5.0,10,-122.4183649,37.7520124,1,50
2604174,1,27.0,3.0,11,-122.420176,37.748397,1,50
2604174,1,27.0,1.0,13,-122.404596,37.7816,1,50
2604174,1,31.0,3.0,14,-122.407361,37.784143,1,50
2604174,1,1.0,1.0,16,-122.3783501,37.732404,1,50
2604174,2,1.0,6.0,3,-122.3783501,37.732404,1,80
2604174,2,32.0,5.0,10,-122.4183649,37.7520124,1,80
2604174,2,27.0,3.0,11,-122.420176,37.748397,1,80
2604174,2,27.0,1.0,13,-122.404596,37.7816,1,80
2604174,2,31.0,3.0,14,-122.407361,37.784143,1,80
2604174,2,1.0,1.0,16,-122.3783501,37.732404,1,80
2604174,3,1.0,6.0,3,-122.3783501,37.732404,1,17
2604174,3,17.0,1.0,8,-122.4098642,37.7505014,1,17
2604174,3,34.0,1.0,16,-122.448348,37.80292,1,17
2604174,3,37.0,1.0,18,-122.500199,37.744744,1,17
2604174,3,31.0,1.0,19,-122.433679,37.763997,1,17
2604174,3,37.0,1.0,20,-122.500199,37.744744,1,17
2611219,1,1.0,6.0,3,-122.575343,38.101225,1,58
2611219,1,39.0,3.0,9,-122.5835098,38.0998961,1,58
2611219,1,1.0,3.0,9,-122.575343,38.101225,1,58
2611219,1,37.0,5.0,10,-122.556155,38.107599,1,58
2611219,1,8.0,5.0,15,-122.575343,38.101225,1,58
2611219,1,29.0,5.0,16,-122.5631092,38.0963372,1,58
2611219,1,1.0,5.0,16,-122.575343,38.101225,1,58
2615100,2,1.0,6.0,3,-121.803676,37.268915,1,63
2615100,2,30.0,5.0,7,-121.9469621,37.3929514,1,63
2615100,2,1.0,5.0,16,-121.803676,37.268915,1,63
2615100,3,1.0,6.0,3,-121.803676,37.268915,1,37
2615100,3,22.0,5.0,12,-121.82666100000002,37.2617677,1,37
2615100,3,1.0,5.0,12,-121.803676,37.268915,1,37
2615100,4,1.0,6.0,3,-121.803676,37.268915,1,24
2615100,5,1.0,6.0,3,-121.803676,37.268915,1,4
2615100,5,17.0,5.0,7,-121.82666100000002,37.2617677,1,4
2615100,5,1.0,5.0,14,-121.803676,37.268915,1,4
2626304,1,1.0,6.0,3,-122.414955,37.7502624,1,80
2626304,1,33.0,3.0,17,-122.422873,37.753581,1,80
2626304,1,37.0,3.0,19,-122.4215162,37.7536606,1,80
2626304,1,1.0,3.0,1,-122.414955,37.7502624,1,80
2644343,1,1.0,6.0,3,-122.403309,37.602389,1,84
2644343,1,24.0,5.0,9,-122.39418700000002,37.6026565,1,84
2644343,1,27.0,5.0,10,-122.3856962,37.5967172,1,84
2644343,1,1.0,5.0,11,-122.403309,37.602389,1,84
2644343,1,29.0,5.0,14,-122.3946439,37.6021424,1,84
2644343,1,1.0,5.0,14,-122.403309,37.602389,1,84
2644343,1,22.0,5.0,18,-122.42833799999998,37.630209,1,84
2644343,1,36.0,5.0,19,-122.4510577,37.6701152,1,84
2644343,1,22.0,5.0,22,-122.42833799999998,37.630209,1,84
2644343,1,1.0,5.0,22,-122.403309,37.602389,1,84
2647048,1,2.0,6.0,3,-121.6388437,37.86972720000001,1,29
2647048,1,29.0,3.0,7,-121.6398523,37.8703237,1,29
2647048,1,1.0,3.0,7,-121.6388437,37.86972720000001,1,29
2647048,1,33.0,5.0,7,-121.645625,37.866858,1,29
2647048,1,1.0,5.0,10,-121.6388437,37.86972720000001,1,29
2647048,1,35.0,5.0,14,-121.691054,37.922308,1,29
2647048,1,1.0,5.0,15,-121.6388437,37.86972720000001,1,29
2647048,1,36.0,5.0,19,-121.600894,37.910651,1,29
2647048,1,1.0,5.0,21,-121.6388437,37.86972720000001,1,29
2647048,2,1.0,6.0,3,-121.6388437,37.86972720000001,1,30
2647048,2,9.0,5.0,9,-121.297188,38.115039,1,30
2647048,2,1.0,5.0,21,-121.6388437,37.86972720000001,1,30
2647048,4,1.0,6.0,3,-121.6388437,37.86972720000001,1,30
2647048,4,9.0,3.0,6,-121.6415003,37.8673714,1,30
2647048,4,1.0,3.0,15,-121.6388437,37.86972720000001,1,30
2647048,4,9.0,5.0,16,-121.6438319,37.8738687,1,30
2647048,4,1.0,5.0,18,-121.6388437,37.86972720000001,1,30
2647048,4,27.0,5.0,19,-121.600894,37.910651,1,30
2647048,4,2.0,5.0,21,-121.6388437,37.86972720000001,1,30
2647048,5,1.0,6.0,3,-121.6388437,37.86972720000001,1,7
2647048,5,33.0,5.0,7,-121.645625,37.866858,1,7
2647048,5,1.0,5.0,10,-121.6388437,37.86972720000001,1,7
2647048,5,27.0,5.0,19,-121.600894,37.910651,1,7
2647048,5,1.0,5.0,21,-121.6388437,37.86972720000001,1,7
2647048,6,1.0,6.0,3,-121.6388437,37.86972720000001,1,1
2647048,6,33.0,5.0,7,-121.645625,37.866858,1,1
2647048,6,1.0,5.0,10,-121.6388437,37.86972720000001,1,1
2647048,6,35.0,5.0,14,-121.691054,37.922308,1,1
2647048,6,1.0,5.0,15,-121.6388437,37.86972720000001,1,1
2647048,6,36.0,5.0,19,-121.600894,37.910651,1,1
2647048,6,1.0,5.0,21,-121.6388437,37.86972720000001,1,1
2662124,1,1.0,6.0,3,-121.692289,38.164018,1,52
2662124,1,30.0,5.0,9,-121.831898,38.01014,1,52
2662124,1,26.0,5.0,10,-121.762029,37.963098,1,52
2662124,1,1.0,5.0,11,-121.692289,38.164018,1,52
2662124,1,26.0,5.0,13,-121.7784445,38.1835564,1,52
2662124,1,1.0,5.0,13,-121.692289,38.164018,1,52
2662124,1,27.0,5.0,16,-121.745015,37.962807,1,52
2662124,1,27.0,5.0,16,-121.729342,37.964822,1,52
2662124,1,31.0,5.0,17,-121.76758999999998,37.96341,1,52
2662124,1,1.0,5.0,18,-121.692289,38.164018,1,52
2662124,1,37.0,5.0,19,-121.947129,38.3325729,1,52
2662124,1,1.0,5.0,21,-121.692289,38.164018,1,52
2662124,2,1.0,6.0,3,-121.692289,38.164018,1,57
2662124,2,9.0,5.0,5,-121.63026770000002,38.1417726,1,57
2662124,2,1.0,5.0,14,-121.692289,38.164018,1,57
2662124,2,27.0,5.0,16,-121.745015,37.962807,1,57
2662124,2,27.0,5.0,16,-121.729342,37.964822,1,57
2662124,2,31.0,5.0,17,-121.76758999999998,37.96341,1,57
2662124,2,1.0,5.0,18,-121.692289,38.164018,1,57
2665497,1,1.0,6.0,3,-122.294441,38.308042,1,63
2665497,1,32.0,1.0,4,-122.296709,38.324717,1,63
2665921,1,1.0,6.0,3,-121.890396,37.344281,1,51
2665921,1,32.0,1.0,10,-121.80034740000002,37.2394614,1,51
2665921,1,34.0,1.0,16,-122.0178585,36.9587122,1,51
2665921,1,31.0,3.0,20,-122.0247356,36.96928320000001,1,51
2665921,1,1.0,1.0,23,-121.890396,37.344281,1,51
2665921,2,1.0,6.0,3,-121.890396,37.344281,1,52
2665921,2,32.0,1.0,10,-121.80034740000002,37.2394614,1,52
2665921,2,34.0,1.0,16,-122.0178585,36.9587122,1,52
2665921,2,31.0,3.0,20,-122.0247356,36.96928320000001,1,52
2665921,2,1.0,1.0,23,-121.890396,37.344281,1,52
2665921,3,1.0,6.0,3,-121.890396,37.344281,1,22
2665921,3,9.0,1.0,10,-121.9839311,37.2309105,1,22
2665921,3,1.0,1.0,20,-121.890396,37.344281,1,22
2985761,1,1.0,6.0,3,-122.095347,37.407244,1,66
2985761,1,9.0,5.0,9,-121.898223,37.392326,1,66
2985761,1,1.0,5.0,19,-122.095347,37.407244,1,66
2985761,1,23.0,5.0,20,-122.079037,37.402947,1,66
2985761,1,2.0,5.0,20,-122.095347,37.407244,1,66
2986855,1,1.0,6.0,3,-122.022298,37.351846,1,72
2986855,1,27.0,5.0,10,-122.0778967,37.3672492,1,72
2986855,1,27.0,5.0,11,-122.0810539,37.367266,1,72
2986855,1,27.0,5.0,12,-122.01515,37.336674,1,72
2986855,1,1.0,5.0,13,-122.022298,37.351846,1,72
2986855,1,27.0,5.0,13,-122.01782140000002,37.3573124,1,72
2986855,1,27.0,5.0,15,-122.0142273,37.35306660000001,1,72
2986855,1,1.0,5.0,16,-122.022298,37.351846,1,72
2986855,2,1.0,6.0,3,-122.022298,37.351846,1,76
2986855,2,9.0,5.0,5,-122.3464991,37.9197162,1,76
2986855,2,1.0,5.0,17,-122.022298,37.351846,1,76
2989831,1,1.0,6.0,3,-122.581467,38.589018,1,60
2989831,2,1.0,6.0,3,-122.581467,38.589018,1,72
2993480,1,1.0,6.0,3,-122.107135,37.662842,1,50
2993480,1,22.0,5.0,7,-122.087266,37.62324,1,50
2993480,1,22.0,5.0,8,-122.110892,37.640402,1,50
2993480,1,35.0,5.0,8,-122.1105403,37.6590076,1,50
2993480,1,1.0,5.0,10,-122.107135,37.662842,1,50
2993480,1,22.0,5.0,14,-122.087266,37.62324,1,50
2993480,1,1.0,5.0,15,-122.107135,37.662842,1,50
2993480,1,34.0,3.0,17,-122.106511,37.6599094,1,50
2993480,1,1.0,3.0,17,-122.107135,37.662842,1,50
2993480,1,34.0,3.0,19,-122.114491,37.6599094,1,50
2993480,1,1.0,3.0,20,-122.107135,37.662842,1,50
2993480,2,1.0,6.0,3,-122.107135,37.662842,1,17
2993480,2,17.0,5.0,7,-122.087266,37.62324,1,17
2993480,2,1.0,5.0,15,-122.107135,37.662842,1,17
2993480,3,1.0,6.0,3,-122.107135,37.662842,1,15
2993480,3,17.0,5.0,7,-122.087266,37.62324,1,15
2993480,3,1.0,5.0,15,-122.107135,37.662842,1,15
2993480,4,1.0,6.0,3,-122.107135,37.662842,1,12
2993480,4,22.0,5.0,7,-122.087266,37.62324,1,12
2993480,4,17.0,5.0,8,-122.110892,37.640402,1,12
2993480,4,1.0,5.0,13,-122.107135,37.662842,1,12
2993480,4,22.0,5.0,14,-122.087266,37.62324,1,12
2993480,4,1.0,5.0,15,-122.107135,37.662842,1,12
2993480,4,34.0,3.0,17,-122.106511,37.6599094,1,12
2993480,4,1.0,3.0,17,-122.107135,37.662842,1,12
2993480,4,34.0,3.0,19,-122.114491,37.6599094,1,12
2993480,4,1.0,3.0,20,-122.107135,37.662842,1,12
2993718,1,1.0,6.0,3,-122.080361,37.660048,1,45
2993718,2,1.0,6.0,3,-122.080361,37.660048,1,42
2993718,3,1.0,6.0,3,-122.080361,37.660048,1,25
2994381,1,1.0,6.0,3,-122.092599,37.71697,1,65
2994381,1,27.0,5.0,17,-122.073861,37.696281,1,65
2994381,1,1.0,5.0,18,-122.092599,37.71697,1,65
2994381,2,1.0,6.0,3,-122.092599,37.71697,1,67
2994381,2,9.0,5.0,7,-122.08163,37.697986,1,67
2994381,2,1.0,5.0,17,-122.092599,37.71697,1,67
2995368,1,1.0,6.0,3,-121.7772224,37.6922023,1,51
2995368,1,9.0,1.0,9,-122.26615420000002,37.8052496,1,51
2995368,1,1.0,1.0,16,-121.7772224,37.6922023,1,51
3000718,1,1.0,6.0,3,-122.108334,37.6970839,1,50
3000718,1,27.0,5.0,5,-122.0543297,37.6059982,1,50
3000718,1,7.0,5.0,6,-122.108334,37.6970839,1,50
3000718,1,27.0,5.0,16,-122.137373,37.687685,1,50
3000718,1,27.0,5.0,16,-122.177337,37.71657,1,50
3000718,1,27.0,5.0,17,-122.1819607,37.7181697,1,50
3000718,1,7.0,5.0,17,-122.108334,37.6970839,1,50
3004896,1,1.0,6.0,3,-122.2147705,37.7757862,1,76
3004896,2,1.0,6.0,3,-122.2147705,37.7757862,1,70
3005251,1,1.0,6.0,3,-122.158694,37.749075,1,33
3005251,1,27.0,1.0,10,-122.294477,37.8053213,1,33
3005251,1,1.0,1.0,12,-122.158694,37.749075,1,33
3005251,1,29.0,1.0,13,-122.2661106,37.8065483,1,33
3005251,1,29.0,3.0,14,-122.26646540000002,37.80861229999999,1,33
3005251,1,27.0,3.0,15,-122.271496,37.804177,1,33
3005251,1,1.0,1.0,16,-122.158694,37.749075,1,33
3005926,1,37.0,6.0,3,-122.33207079999998,47.6062095,1,42
3005926,2,37.0,6.0,3,-122.33207079999998,47.6062095,1,85
3006966,1,1.0,6.0,3,-122.228497,37.828761,1,90
3006966,2,1.0,6.0,3,-122.228497,37.828761,1,67
3010735,1,1.0,6.0,3,-121.579897,37.017277,1,36
3010735,1,30.0,5.0,9,-121.5717433,37.004796,1,36
3010735,1,27.0,5.0,9,-121.584268,37.013066,1,36
3010735,1,1.0,5.0,9,-121.579897,37.017277,1,36
3010735,2,1.0,6.0,3,-121.579897,37.017277,1,65
3010735,2,22.0,5.0,8,-121.57890559999998,37.0112395,1,65
3010735,2,22.0,5.0,8,-121.579897,37.017277,1,65
3010735,2,30.0,5.0,9,-121.5717433,37.004796,1,65
3010735,2,27.0,5.0,9,-121.584268,37.013066,1,65
3010735,2,22.0,5.0,9,-121.579897,37.017277,1,65
3010735,2,27.0,5.0,10,-121.588,37.0145,1,65
3010735,2,1.0,5.0,10,-121.579897,37.017277,1,65
3010735,2,27.0,5.0,13,-121.589311,37.013437,1,65
3010735,2,1.0,5.0,13,-121.579897,37.017277,1,65
3010735,3,1.0,6.0,3,-121.579897,37.017277,1,14
3010735,3,17.0,5.0,8,-121.57890559999998,37.0112395,1,14
3010735,3,1.0,3.0,14,-121.579897,37.017277,1,14
3010735,4,1.0,6.0,3,-121.579897,37.017277,1,12
3010735,4,17.0,5.0,8,-121.57890559999998,37.0112395,1,12
3010735,4,1.0,5.0,14,-121.579897,37.017277,1,12
3017721,1,1.0,6.0,3,-121.9034967,37.2402741,1,62
3017721,1,32.0,5.0,11,-121.931143,37.313635,1,62
3017721,1,37.0,5.0,13,-121.8662899,37.2999657,1,62
3017721,1,27.0,5.0,14,-121.907068,37.270877,1,62
3017721,1,1.0,5.0,15,-121.9034967,37.2402741,1,62
3017721,1,27.0,3.0,19,-121.9056,37.24,1,62
3017721,1,1.0,3.0,20,-121.9034967,37.2402741,1,62
3017721,2,1.0,6.0,3,-121.9034967,37.2402741,1,44
3017721,2,32.0,5.0,11,-121.931143,37.313635,1,44
3017721,2,37.0,5.0,13,-121.8662899,37.2999657,1,44
3017721,2,27.0,5.0,14,-121.907068,37.270877,1,44
3017721,2,1.0,5.0,15,-121.9034967,37.2402741,1,44
3017721,2,9.0,5.0,18,-121.931789,37.242601,1,44
3017721,2,23.0,5.0,23,-121.8881289,37.2455495,1,44
3017721,2,2.0,5.0,23,-121.9034967,37.2402741,1,44
3018992,1,1.0,6.0,3,-121.821197,37.31905,1,36
3018992,1,36.0,5.0,8,-121.836943,37.339801,1,36
3018992,1,1.0,1.0,12,-121.821197,37.31905,1,36
3018992,1,25.0,5.0,17,-121.856044,37.332512,1,36
3018992,1,1.0,5.0,22,-121.821197,37.31905,1,36
3018992,2,1.0,6.0,3,-121.821197,37.31905,1,36
3018992,2,9.0,5.0,4,-121.844251,37.338028,1,36
3018992,2,1.0,5.0,7,-121.821197,37.31905,1,36
3018992,2,22.0,5.0,8,-121.836943,37.339801,1,36
3018992,2,9.0,5.0,8,-121.844251,37.338028,1,36
3018992,2,22.0,5.0,14,-121.836943,37.339801,1,36
3018992,2,1.0,5.0,15,-121.821197,37.31905,1,36
3018992,2,22.0,5.0,17,-121.856044,37.332512,1,36
3018992,2,1.0,5.0,18,-121.821197,37.31905,1,36
3018992,2,22.0,5.0,19,-121.856044,37.332512,1,36
3018992,2,1.0,5.0,22,-121.821197,37.31905,1,36
3018992,3,1.0,6.0,3,-121.821197,37.31905,1,9
3018992,3,17.0,5.0,8,-121.836943,37.339801,1,9
3018992,3,1.0,5.0,15,-121.821197,37.31905,1,9
3019707,1,1.0,6.0,3,-121.917105,37.261316,1,27
3019707,1,31.0,1.0,15,-121.9467525,37.3135925,1,27
3019707,1,26.0,5.0,18,-121.949436,37.284643,1,27
3019707,1,1.0,5.0,19,-121.917105,37.261316,1,27
3019707,1,9.0,5.0,21,-121.9581502,37.3234805,1,27
3019707,2,1.0,6.0,3,-121.917105,37.261316,1,34
3019707,2,30.0,3.0,11,-121.91508799999998,37.264944,1,34
3019707,2,1.0,3.0,11,-121.917105,37.261316,1,34
3019707,2,9.0,1.0,12,-121.932695,37.294483,1,34
3019707,2,1.0,1.0,19,-121.917105,37.261316,1,34
3019707,3,1.0,6.0,3,-121.917105,37.261316,1,32
3019707,3,22.0,4.0,8,-121.910331,37.25852620000001,1,32
3019707,3,1.0,4.0,9,-121.917105,37.261316,1,32
3019707,3,22.0,4.0,14,-121.910331,37.25852620000001,1,32
3019707,3,1.0,4.0,14,-121.917105,37.261316,1,32
3019707,4,1.0,6.0,3,-121.917105,37.261316,1,12
3019707,4,17.0,2.0,8,-121.926067,37.272999,1,12
3019707,4,1.0,2.0,15,-121.917105,37.261316,1,12
3019707,5,1.0,6.0,3,-121.917105,37.261316,1,6
3019707,5,17.0,3.0,8,-121.910331,37.25852620000001,1,6
3019707,5,1.0,3.0,14,-121.917105,37.261316,1,6
3021028,1,1.0,6.0,3,-121.81743,37.343451,1,49
3021028,2,1.0,6.0,3,-121.81743,37.343451,1,73
3021028,3,1.0,6.0,3,-121.81743,37.343451,1,52
3021028,4,1.0,6.0,3,-121.81743,37.343451,1,14
7013062,1,1.0,6.0,3,-122.435209,37.659929,1,78
7013062,1,32.0,5.0,9,-122.4428981,37.7824779,1,78
7013062,1,1.0,5.0,11,-122.435209,37.659929,1,78
7013640,1,1.0,6.0,3,-122.410013,37.661734,1,42
7014417,1,1.0,6.0,3,-122.4228585,37.782537700000006,1,84
7014548,1,25.0,6.0,3,-122.414387,37.7809514,1,56
7014548,1,30.0,3.0,3,-122.4132137,37.78205379999999,1,56
7014548,1,29.0,3.0,4,-122.409103,37.783212,1,56
7014548,1,31.0,3.0,7,-122.4103286,37.7819946,1,56
7014548,1,27.0,1.0,8,-122.4196777,37.7648558,1,56
7014548,1,1.0,3.0,9,-122.4197167,37.7637797,1,56
7014590,1,31.0,6.0,3,-122.4078095,37.7544939,1,63
7014590,1,31.0,3.0,11,-122.4097857,37.7528406,1,63
7014590,1,37.0,3.0,13,-122.4078095,37.7544939,1,63
7014590,1,34.0,3.0,14,-122.40543390000002,37.749419,1,63
7014590,1,25.0,3.0,15,-122.4078095,37.7544939,1,63
7014590,1,37.0,3.0,17,-122.4103893,37.7628783,1,63
7014590,1,36.0,3.0,18,-122.4078095,37.7544939,1,63
7015052,1,1.0,6.0,3,-122.4610295,37.7236287,1,50
7015052,1,27.0,5.0,8,-122.399459,37.781027,1,50
7015052,1,25.0,5.0,8,-122.452915,37.724704,1,50
7015052,1,25.0,5.0,9,-122.446936,37.774342,1,50
7015052,1,27.0,5.0,17,-122.4051465,37.7869994,1,50
7015052,1,1.0,5.0,20,-122.4610295,37.7236287,1,50
7018883,1,1.0,6.0,3,-122.4138628,37.8017899,1,52
7018883,1,27.0,3.0,11,-122.4037869,37.784814,1,52
7018883,1,27.0,3.0,12,-122.4009134,37.7896131,1,52
7018883,1,23.0,3.0,13,-122.4049236,37.7943426,1,52
7018883,1,23.0,3.0,15,-122.418332,37.8079231,1,52
7018883,1,23.0,3.0,15,-122.4150265,37.805355,1,52
7018883,1,1.0,3.0,15,-122.4138628,37.8017899,1,52
7159390,1,1.0,6.0,3,-122.463096,37.651054,1,18
7159390,1,17.0,5.0,12,-122.467582,37.628933,1,18
7159390,1,1.0,5.0,21,-122.463096,37.651054,1,18
7159390,2,1.0,6.0,3,-122.463096,37.651054,1,50
7159390,2,30.0,5.0,12,-122.467582,37.628933,1,50
7159390,2,1.0,5.0,21,-122.463096,37.651054,1,50
7159390,3,1.0,6.0,3,-122.463096,37.651054,1,50
7159584,1,1.0,6.0,3,-122.1123038,37.4088025,1,63
7159584,1,38.0,5.0,15,-122.1449831,37.44880070000001,1,63
7159584,1,27.0,5.0,17,-122.1608409,37.444794,1,63
7159584,1,2.0,5.0,17,-122.1123038,37.4088025,1,63
7161325,1,1.0,6.0,3,-122.4133261,37.6553409,1,62
7161325,1,32.0,5.0,10,-122.4392261,37.6592227,1,62
7161325,1,1.0,5.0,13,-122.4133261,37.6553409,1,62
7161325,2,1.0,6.0,3,-122.4133261,37.6553409,1,82
7161325,2,32.0,5.0,10,-122.4392261,37.6592227,1,82
7161325,2,1.0,5.0,13,-122.4133261,37.6553409,1,82
7162015,1,1.0,6.0,3,-122.412961,37.786601,1,52
7162015,1,31.0,2.0,14,-122.409601,37.785603,1,52
7162015,1,1.0,2.0,17,-122.412961,37.786601,1,52
7162061,1,1.0,6.0,3,-122.423874,37.768922,1,87
7162061,1,31.0,5.0,17,-122.4068159,37.7556477,1,87
7162061,1,1.0,5.0,19,-122.423874,37.768922,1,87
7162619,1,1.0,6.0,3,-122.4164566,37.7329569,1,64
7163582,1,1.0,6.0,3,-122.500201,37.736641,1,34
7163582,1,27.0,5.0,13,-122.476183,37.729144,1,34
7163582,1,31.0,5.0,13,-122.489561,37.733667,1,34
7163582,1,1.0,5.0,14,-122.500201,37.736641,1,34
7163582,1,27.0,5.0,20,-122.48851299999998,37.682052,1,34
7163582,1,30.0,5.0,20,-122.473557,37.648031,1,34
7163582,2,1.0,6.0,3,-122.500201,37.736641,1,71
7163582,3,1.0,6.0,3,-122.500201,37.736641,1,78
7166964,1,1.0,6.0,3,-122.264686,37.776537,1,55
7166964,1,34.0,3.0,8,-122.2616667,37.7684635,1,55
7166964,1,1.0,3.0,8,-122.264686,37.776537,1,55
7169705,1,1.0,6.0,3,-122.1021341,37.6696844,1,60
7175172,1,1.0,6.0,3,-122.2347454,38.1009601,1,42
7175172,1,9.0,5.0,8,-122.220744,38.0998079,1,42
7175172,1,9.0,5.0,9,-122.2342946,38.104481,1,42
7175172,1,1.0,5.0,16,-122.2347454,38.1009601,1,42
7175172,1,9.0,5.0,20,-122.220744,38.0998079,1,42
7175172,1,1.0,5.0,21,-122.2347454,38.1009601,1,42
7175968,1,37.0,6.0,3,-73.95,40.65,1,65
7176001,1,1.0,6.0,3,-122.2061096,37.7698804,1,43
7176001,2,1.0,6.0,3,-122.2061096,37.7698804,1,20
7176001,2,17.0,1.0,10,-122.264295,37.821209,1,20
7176001,2,37.0,1.0,14,-122.21999,37.773558,1,20
7176001,2,17.0,1.0,18,-122.264295,37.821209,1,20
7176001,2,1.0,1.0,22,-122.2061096,37.7698804,1,20
7176001,3,1.0,6.0,3,-122.2061096,37.7698804,1,18
7176001,3,17.0,1.0,8,-122.056624,37.65576400000001,1,18
7176001,3,1.0,1.0,18,-122.2061096,37.7698804,1,18
7176524,1,1.0,6.0,3,-122.171673,37.747317,1,38
7176524,1,22.0,3.0,8,-122.1619628,37.7572561,1,38
7176524,1,22.0,3.0,8,-122.1705845,37.74435310000001,1,38
7176524,1,1.0,3.0,9,-122.171673,37.747317,1,38
7176524,1,22.0,3.0,14,-122.1619628,37.7572561,1,38
7176524,1,22.0,3.0,15,-122.1705845,37.74435310000001,1,38
7176524,1,1.0,3.0,15,-122.171673,37.747317,1,38
7176524,2,1.0,6.0,3,-122.171673,37.747317,1,39
7176524,2,25.0,1.0,6,-122.2148842,37.7723236,1,39
7176524,2,1.0,1.0,15,-122.171673,37.747317,1,39
7176524,3,1.0,6.0,3,-122.171673,37.747317,1,13
7176524,3,17.0,3.0,8,-122.1619628,37.7572561,1,13
7176524,3,22.0,3.0,15,-122.1705845,37.74435310000001,1,13
7176524,3,1.0,3.0,15,-122.171673,37.747317,1,13
7176524,4,1.0,6.0,3,-122.171673,37.747317,1,9
7176524,4,22.0,3.0,8,-122.1619628,37.7572561,1,9
7176524,4,17.0,3.0,8,-122.1705845,37.74435310000001,1,9
7176524,4,1.0,3.0,15,-122.171673,37.747317,1,9
7176524,5,1.0,6.0,3,-122.171673,37.747317,1,8
7176524,5,22.0,3.0,8,-122.1619628,37.7572561,1,8
7176524,5,17.0,3.0,8,-122.1705845,37.74435310000001,1,8
7176524,5,1.0,3.0,15,-122.171673,37.747317,1,8
7176569,1,1.0,6.0,3,-122.159827,37.741811,1,59
7176569,2,1.0,6.0,3,-122.159827,37.741811,1,65
7177534,1,1.0,6.0,3,-122.2807315,37.8042054,1,60
7177534,1,37.0,5.0,14,-122.27654479999998,37.8204576,1,60
7177534,1,1.0,5.0,15,-122.2807315,37.8042054,1,60
7177534,1,37.0,5.0,17,-122.2893679,37.8071193,1,60
7177534,1,1.0,5.0,21,-122.2807315,37.8042054,1,60
7179599,1,1.0,6.0,3,-121.95751570000002,37.2846308,1,69
7179599,1,35.0,5.0,13,-121.961674,37.293168,1,69
7179599,1,1.0,5.0,16,-121.95751570000002,37.2846308,1,69
7180338,1,1.0,6.0,3,-121.96559779999998,37.2640943,1,77
7180338,1,32.0,5.0,10,-121.9491423,37.2433518,1,77
7180338,1,2.0,5.0,10,-121.96559779999998,37.2640943,1,77
7181438,1,4.0,6.0,3,-121.873995,37.3129149,1,59
7181438,1,29.0,3.0,8,-121.876484,37.314229,1,59
7181438,1,1.0,3.0,11,-121.873995,37.3129149,1,59
7181438,2,1.0,6.0,3,-121.873995,37.3129149,1,64
7182261,1,1.0,6.0,3,-121.8746163,37.331755,1,62
7182668,1,1.0,6.0,3,-121.84733,37.356135,1,60
7182668,1,37.0,1.0,10,-121.8225807,37.3234518,1,60
7182668,1,34.0,1.0,17,-121.8465292,37.356953,1,60
7182668,1,1.0,3.0,17,-121.84733,37.356135,1,60
7182688,1,1.0,6.0,3,-121.8456423,37.3563845,1,62
7182688,2,1.0,6.0,3,-121.8456423,37.3563845,1,77
7183853,1,1.0,6.0,3,-121.8388,37.337093,1,64
7183853,1,30.0,1.0,10,-121.8894719,37.3330032,1,64
7183853,1,1.0,1.0,12,-121.8388,37.337093,1,64
7183853,1,9.0,1.0,14,-121.807529,37.31087700000001,1,64
7183853,1,1.0,1.0,21,-121.8388,37.337093,1,64
7185301,1,1.0,6.0,3,-121.815888,37.365823,1,75
7185301,1,27.0,3.0,10,-121.821729,37.3591403,1,75
7185301,1,1.0,3.0,12,-121.815888,37.365823,1,75
7185301,2,1.0,6.0,3,-121.815888,37.365823,1,45
7185301,2,25.0,5.0,7,-121.97236409999998,37.2258696,1,45
7185301,2,1.0,5.0,16,-121.815888,37.365823,1,45
7193712,1,1.0,6.0,3,-122.116251,38.011769,1,55
7196157,1,1.0,6.0,3,-122.006306,37.9268069,1,70
7196157,1,34.0,5.0,7,-122.00011,37.9211,1,70
7196157,1,33.0,5.0,8,-122.133703,38.01837800000001,1,70
7196157,1,30.0,5.0,10,-121.9642503,37.7705702,1,70
7196157,1,30.0,5.0,11,-122.0603713,37.901208,1,70
7196157,1,31.0,3.0,14,-122.0613204,37.9006081,1,70
7196157,1,22.0,5.0,15,-122.0674902,37.90460170000001,1,70
7196157,1,1.0,5.0,16,-122.006306,37.9268069,1,70
7196157,1,35.0,5.0,19,-122.00011,37.9211,1,70
7196157,1,7.0,5.0,20,-122.006306,37.9268069,1,70
7196157,2,1.0,6.0,3,-122.006306,37.9268069,1,60
7196157,2,22.0,5.0,8,-122.0674902,37.90460170000001,1,60
7196157,2,1.0,5.0,9,-122.006306,37.9268069,1,60
7196157,2,22.0,5.0,15,-122.0674902,37.90460170000001,1,60
7196157,2,29.0,5.0,16,-122.016706,37.92967,1,60
7196157,2,2.0,5.0,16,-122.006306,37.9268069,1,60
7196157,3,1.0,6.0,3,-122.006306,37.9268069,1,21
7196157,3,9.0,1.0,9,-122.267059,37.8368589,1,21
7196157,3,29.0,1.0,16,-122.016706,37.92967,1,21
7196157,3,1.0,5.0,16,-122.006306,37.9268069,1,21
7196238,1,1.0,6.0,3,-122.038749,37.916422,1,82
7196238,2,1.0,6.0,3,-122.038749,37.916422,1,72
7196238,3,1.0,6.0,3,-122.038749,37.916422,1,52
7196238,3,9.0,5.0,7,-122.0413131,37.5929258,1,52
7196238,3,1.0,5.0,18,-122.038749,37.916422,1,52
7196646,1,1.0,6.0,3,-122.2931938,37.978039,1,53
7196646,1,20.0,5.0,8,-122.340424,37.968121,1,53
7196646,1,29.0,5.0,8,-122.3237162,37.99874439999999,1,53
7196646,1,37.0,5.0,8,-122.286607,37.991484,1,53
7196646,1,31.0,5.0,9,-122.296068,37.9782889,1,53
7196646,1,1.0,5.0,9,-122.2931938,37.978039,1,53
7196646,1,20.0,5.0,11,-122.340424,37.968121,1,53
7196646,1,1.0,5.0,12,-122.2931938,37.978039,1,53
7196646,2,1.0,6.0,3,-122.2931938,37.978039,1,21
7196646,2,30.0,5.0,8,-122.340424,37.968121,1,21
7196646,2,29.0,5.0,8,-122.3237162,37.99874439999999,1,21
7196646,2,37.0,5.0,8,-122.286607,37.991484,1,21
7196646,2,31.0,5.0,9,-122.296068,37.9782889,1,21
7196646,2,1.0,5.0,9,-122.2931938,37.978039,1,21
7196646,2,30.0,5.0,11,-122.340424,37.968121,1,21
7196646,2,1.0,5.0,12,-122.2931938,37.978039,1,21
7196646,2,22.0,5.0,15,-122.3771488,37.9683002,1,21
7196646,2,1.0,5.0,17,-122.2931938,37.978039,1,21
7197622,1,1.0,6.0,3,-122.4102841,37.7591549,1,38
7197622,1,22.0,5.0,10,-122.4137947,37.7493113,1,38
7197622,1,25.0,5.0,10,-122.410706,37.747542,1,38
7197622,1,22.0,5.0,13,-122.4301387,37.7707232,1,38
7197622,1,22.0,5.0,15,-122.4137947,37.7493113,1,38
7197622,1,1.0,5.0,15,-122.4102841,37.7591549,1,38
7197622,2,1.0,6.0,3,-122.4102841,37.7591549,1,38
7197622,2,22.0,5.0,8,-122.445525,37.7711517,1,38
7197622,2,1.0,5.0,9,-122.4102841,37.7591549,1,38
7197622,2,22.0,5.0,10,-122.4137947,37.7493113,1,38
7197622,2,25.0,5.0,10,-122.410706,37.747542,1,38
7197622,2,25.0,5.0,13,-122.4301387,37.7707232,1,38
7197622,2,22.0,5.0,15,-122.4137947,37.7493113,1,38
7197622,2,1.0,5.0,15,-122.4102841,37.7591549,1,38
7197622,2,22.0,5.0,17,-122.445525,37.7711517,1,38
7197622,2,1.0,5.0,18,-122.4102841,37.7591549,1,38
7197622,3,1.0,6.0,3,-122.4102841,37.7591549,1,4
7197622,3,17.0,5.0,8,-122.445525,37.7711517,1,4
7197622,3,1.0,5.0,18,-122.4102841,37.7591549,1,4
7197622,4,1.0,6.0,3,-122.4102841,37.7591549,1,1
7197622,4,37.0,5.0,10,-122.4137947,37.7493113,1,1
7197622,4,1.0,5.0,15,-122.4102841,37.7591549,1,1
7197915,1,1.0,6.0,3,-122.430979,37.768929,1,60
7197915,1,32.0,1.0,8,-122.4398431,37.78419570000001,1,60
7197915,1,27.0,1.0,15,-122.3941088,37.776666,1,60
7197915,1,1.0,1.0,18,-122.430979,37.768929,1,60
7207462,1,1.0,6.0,3,-122.073782,37.983876,1,59
7207462,1,27.0,5.0,10,-121.29270459999998,38.7982414,1,59
7207462,1,31.0,5.0,12,-121.294048,38.802505,1,59
7207462,1,27.0,5.0,13,-121.503645,38.584243,1,59
7207462,1,37.0,5.0,17,-122.0914623,37.92188820000001,1,59
7207462,1,37.0,5.0,17,-122.0956388,37.9783395,1,59
7207462,1,31.0,5.0,18,-122.06164,37.945573,1,59
7207462,1,1.0,5.0,21,-122.073782,37.983876,1,59
7208527,1,1.0,6.0,3,-121.920924,37.677815,1,57
7208527,1,27.0,5.0,14,-121.89948400000002,37.656049,1,57
7208527,1,1.0,5.0,15,-121.920924,37.677815,1,57
7208527,2,1.0,6.0,3,-121.920924,37.677815,1,24
7208527,2,27.0,5.0,14,-121.89948400000002,37.656049,1,24
7208527,2,1.0,5.0,15,-121.920924,37.677815,1,24
7208527,3,1.0,6.0,3,-121.920924,37.677815,1,21
7208527,3,23.0,5.0,13,-121.894602,37.676316,1,21
7208527,3,1.0,5.0,13,-121.920924,37.677815,1,21
7211146,1,1.0,6.0,3,-121.8618243,37.3559545,1,50
7211146,1,27.0,3.0,10,-121.862756,37.3565936,1,50
7211146,1,1.0,3.0,10,-121.8618243,37.3559545,1,50
7211146,2,1.0,6.0,3,-121.8618243,37.3559545,1,48
7211146,2,22.0,5.0,13,-121.8851842,37.3394747,1,48
7211146,2,1.0,5.0,14,-121.8618243,37.3559545,1,48
7211146,2,27.0,5.0,18,-121.842571,37.37161,1,48
7211146,2,1.0,5.0,19,-121.8618243,37.3559545,1,48
7211146,3,1.0,6.0,3,-121.8618243,37.3559545,1,27
7211146,3,34.0,3.0,8,-121.8356212,37.3751153,1,27
7211146,3,1.0,3.0,10,-121.8618243,37.3559545,1,27
7211146,3,27.0,5.0,18,-121.842571,37.37161,1,27
7211146,3,1.0,5.0,19,-121.8618243,37.3559545,1,27
7211146,4,1.0,6.0,3,-121.8618243,37.3559545,1,25
7211146,4,22.0,5.0,7,-121.8638098,37.3560005,1,25
7211146,4,1.0,5.0,7,-121.8618243,37.3559545,1,25
7211146,4,9.0,5.0,9,-121.973435,37.511389,1,25
7211146,4,1.0,5.0,15,-121.8618243,37.3559545,1,25
7211146,5,1.0,6.0,3,-121.8618243,37.3559545,1,16
7211146,5,17.0,1.0,7,-121.8707726,37.3500774,1,16
7211146,5,1.0,1.0,16,-121.8618243,37.3559545,1,16
7211146,6,1.0,6.0,3,-121.8618243,37.3559545,1,14
7211146,6,17.0,1.0,8,-121.8714689,37.35081339999999,1,14
7211146,6,1.0,1.0,18,-121.8618243,37.3559545,1,14
7211146,7,1.0,6.0,3,-121.8618243,37.3559545,1,8
7211146,7,17.0,5.0,7,-121.8638098,37.3560005,1,8
7211146,7,1.0,5.0,14,-121.8618243,37.3559545,1,8
7211146,8,1.0,6.0,3,-121.8618243,37.3559545,1,4
