fromtract,totract,volume
0,248,1
0,1342,1
1,1,1
1,132,1
1,295,1
2,72,1
2,572,1
2,1295,1
3,41,1
4,45,1
4,1209,1
4,1291,1
5,79,1
5,115,1
5,159,1
6,445,1
7,119,1
7,219,1
7,576,1
7,1220,1
9,318,1
9,415,1
13,417,1
13,1001,2
14,14,2
14,109,1
14,352,1
15,50,1
15,170,1
15,253,1
15,274,1
15,297,2
15,302,1
15,322,1
15,323,1
15,362,1
15,383,1
15,394,1
15,555,1
15,616,1
15,1178,1
15,1284,1
16,9,1
16,17,1
16,37,1
16,41,1
16,50,1
16,90,1
16,92,1
16,93,1
16,94,1
16,101,1
16,126,1
16,128,1
16,132,1
16,158,1
16,165,1
16,170,1
16,209,1
16,215,1
16,216,1
16,287,1
16,309,1
16,320,1
16,325,1
16,358,1
16,384,1
16,385,1
16,394,1
16,421,1
16,446,1
16,455,1
16,1022,1
16,1082,1
16,1391,1
16,1451,1
17,454,1
17,1082,1
18,18,2
18,63,1
18,66,1
18,68,1
18,69,1
18,329,1
18,334,1
18,367,1
18,401,1
18,403,1
18,406,1
18,408,2
18,460,1
18,467,1
18,473,1
18,492,1
18,511,1
18,623,1
20,20,4
20,21,1
20,22,1
20,24,1
20,26,1
20,27,1
20,29,1
20,31,2
20,62,1
20,66,1
20,104,1
20,336,1
20,337,2
20,372,2
20,373,1
20,400,1
20,405,1
20,429,1
20,458,2
20,460,1
20,461,1
20,462,2
20,468,1
20,471,3
20,1451,1
21,62,1
21,429,1
21,467,1
21,658,1
22,19,1
22,366,1
22,401,1
23,20,2
23,21,1
23,26,1
23,405,1
23,433,1
23,457,1
23,471,2
24,22,1
24,26,1
24,30,1
24,334,1
24,469,1
25,25,1
25,372,1
25,373,1
25,405,3
25,428,2
25,430,1
25,461,1
25,462,1
25,468,1
26,19,1
27,27,1
27,57,1
27,403,1
27,430,1
27,461,1
28,28,1
28,431,1
28,462,1
29,327,1
29,461,1
30,20,1
30,326,1
30,338,1
31,31,1
31,60,1
31,62,1
31,331,1
32,62,1
32,67,1
32,327,1
32,403,1
33,364,1
34,18,1
34,66,1
34,404,1
34,485,1
34,1399,1
36,168,1
37,0,1
37,1,2
37,3,1
37,126,1
37,133,2
37,135,1
37,143,1
37,193,1
37,231,1
37,232,1
37,243,1
37,248,1
37,272,1
37,279,1
37,287,1
37,322,1
37,398,2
37,439,1
37,562,1
37,573,1
37,576,1
37,601,1
37,616,1
37,704,1
37,705,1
37,782,1
37,803,1
38,39,1
38,132,1
38,303,1
38,598,1
38,1132,1
39,117,1
39,723,1
40,38,1
40,92,2
40,192,1
40,217,1
40,230,1
40,291,1
40,305,1
40,381,1
40,420,1
40,455,1
40,534,1
40,550,1
40,552,1
41,352,1
41,723,1
41,1477,1
44,442,1
46,99,1
46,411,1
48,53,1
48,87,1
48,202,1
48,266,1
48,267,1
48,390,1
48,411,1
49,260,1
51,345,1
52,321,1
52,1053,1
53,125,1
53,135,1
53,164,1
53,208,1
53,228,2
53,316,1
53,417,1
53,558,1
53,707,1
54,93,1
54,394,1
55,17,1
55,49,1
55,54,1
55,75,1
55,111,1
55,126,1
55,133,1
55,144,1
55,156,1
55,234,1
55,249,1
55,266,1
55,276,1
55,321,2
55,359,1
55,387,1
55,417,1
55,421,1
55,423,1
55,424,1
55,452,1
55,554,1
55,591,1
55,850,1
55,1065,1
55,1156,1
55,1418,1
55,1467,1
55,1481,1
57,26,1
57,35,1
58,63,1
58,330,1
58,404,1
58,429,1
58,552,1
59,32,1
59,404,1
60,31,1
60,463,1
61,63,1
62,18,1
62,21,1
62,22,2
62,31,1
62,35,1
62,63,1
62,459,1
62,467,1
62,600,1
63,403,1
63,467,1
64,20,1
64,22,1
64,23,1
64,25,1
64,30,1
64,35,1
64,57,1
64,58,1
64,60,1
64,63,1
64,70,1
64,428,1
64,430,1
64,434,1
64,462,1
64,464,1
64,465,3
64,513,1
64,892,1
64,1582,1
65,25,1
65,33,2
65,328,1
65,462,1
65,466,1
66,31,1
66,65,1
66,66,2
66,69,1
66,363,1
66,365,1
66,466,1
66,1546,1
67,67,1
68,18,1
68,35,1
68,57,1
68,58,1
68,464,1
68,469,1
68,505,1
68,511,1
69,18,1
69,33,1
69,57,2
69,58,1
69,364,1
69,365,2
69,369,1
69,460,1
70,30,1
70,105,1
70,400,1
71,71,1
71,104,1
71,331,1
71,429,1
72,17,1
72,277,1
72,283,1
72,284,2
72,362,1
73,15,1
73,39,1
73,112,1
73,136,1
73,251,1
73,253,1
73,279,1
73,293,1
73,323,2
73,343,1
73,553,1
73,565,1
73,653,1
73,673,1
73,681,1
74,2,1
74,37,1
74,73,1
74,75,1
74,272,1
74,325,1
74,534,1
74,598,1
74,616,2
74,1423,1
75,323,1
76,266,1
77,224,1
80,117,1
80,120,1
80,139,1
80,159,1
80,255,1
80,841,1
81,81,1
81,86,1
81,91,1
81,177,1
81,211,1
81,258,1
81,261,1
81,342,1
81,707,1
83,87,1
83,97,1
83,159,1
83,183,1
83,201,2
83,269,1
83,390,1
84,133,1
84,227,2
85,85,1
85,182,1
85,255,1
85,256,1
85,257,1
85,259,2
85,266,1
85,340,1
85,345,2
85,376,1
85,441,1
86,86,1
86,341,1
88,46,1
88,50,1
88,84,1
88,87,1
88,88,1
88,90,1
88,124,1
88,170,1
88,173,1
88,262,1
88,288,1
88,302,1
88,304,1
88,347,1
88,359,1
88,376,1
88,387,1
88,411,1
88,1286,1
89,85,1
89,89,1
89,255,1
89,345,1
91,90,1
91,257,1
93,40,1
93,167,1
93,320,1
94,0,1
94,3,1
94,8,2
94,37,1
94,38,1
94,50,2
94,87,1
94,93,1
94,94,1
94,107,1
94,108,1
94,111,1
94,112,1
94,127,1
94,129,1
94,133,1
94,148,1
94,154,1
94,159,1
94,164,1
94,166,1
94,177,1
94,213,1
94,214,1
94,217,1
94,231,1
94,234,1
94,243,1
94,255,1
94,261,1
94,265,1
94,266,1
94,274,1
94,276,1
94,281,1
94,286,1
94,289,1
94,297,1
94,316,1
94,322,1
94,325,1
94,357,2
94,386,2
94,394,1
94,398,1
94,409,1
94,410,1
94,422,1
94,423,1
94,437,1
94,452,1
94,455,1
94,552,1
94,559,1
94,607,1
94,636,1
94,657,1
94,667,1
94,798,1
94,956,1
94,964,1
94,1146,1
94,1209,1
94,1215,1
94,1469,1
94,1480,1
95,411,1
97,169,1
97,316,1
97,1432,1
98,98,1
98,291,1
98,354,1
100,5,1
100,46,1
100,171,1
100,262,1
100,265,2
100,266,2
100,314,1
100,344,1
101,47,1
101,84,1
101,87,1
101,100,1
101,101,1
101,106,1
101,132,1
101,289,1
101,291,1
101,450,1
102,98,1
102,100,1
102,266,1
102,312,1
103,339,1
103,461,1
103,471,1
104,24,1
104,25,1
104,30,1
104,104,4
104,373,1
104,400,2
104,429,1
104,469,1
105,24,1
105,30,1
105,71,1
105,104,1
105,105,1
105,331,1
105,373,1
105,462,2
105,466,1
105,659,1
107,358,1
107,398,1
109,2,1
109,14,1
109,17,1
109,46,1
109,82,1
109,91,1
109,93,1
109,109,1
109,126,1
109,127,2
109,128,1
109,158,1
109,170,2
109,192,1
109,219,1
109,226,1
109,234,1
109,236,1
109,249,1
109,251,1
109,262,1
109,287,1
109,353,1
109,355,1
109,365,1
109,379,1
109,388,1
109,394,1
109,398,1
109,415,1
109,416,2
109,421,1
109,450,1
109,548,1
109,598,1
109,702,1
109,929,1
109,968,1
109,1065,1
109,1090,1
109,1114,1
109,1216,1
109,1245,1
109,1513,1
110,39,1
111,246,1
111,323,1
111,362,1
111,439,1
111,547,1
111,1048,1
112,2,2
112,3,1
112,9,1
112,55,1
112,111,1
112,112,1
112,148,1
112,178,1
112,248,1
112,261,1
112,287,1
112,291,1
112,389,1
112,420,1
112,421,3
112,533,1
112,553,1
112,595,1
112,705,1
112,1103,1
112,1263,1
112,1459,1
113,38,1
113,94,1
113,132,1
113,561,1
114,112,1
116,290,1
117,171,1
118,227,1
119,118,1
119,215,1
119,271,1
121,111,1
121,142,1
121,147,1
121,179,1
121,188,1
121,248,1
121,314,1
121,325,1
121,355,1
121,384,1
121,386,1
121,390,1
121,702,1
121,1223,1
121,1248,1
121,1412,1
122,0,1
122,36,1
122,37,1
122,47,1
122,55,1
122,77,1
122,82,2
122,91,1
122,92,1
122,93,1
122,102,1
122,113,1
122,122,5
122,124,1
122,128,1
122,132,1
122,133,2
122,146,1
122,147,1
122,149,2
122,160,1
122,161,1
122,169,1
122,171,1
122,193,1
122,194,1
122,218,1
122,228,1
122,230,2
122,234,1
122,244,1
122,245,1
122,248,1
122,251,1
122,259,1
122,266,2
122,269,1
122,274,2
122,276,2
122,277,1
122,280,1
122,283,1
122,285,1
122,289,1
122,296,2
122,303,1
122,313,2
122,314,1
122,322,1
122,323,1
122,325,2
122,344,1
122,355,1
122,356,1
122,359,1
122,361,2
122,385,1
122,387,1
122,389,1
122,390,1
122,395,1
122,409,1
122,410,1
122,421,2
122,441,1
122,447,1
122,450,1
122,453,1
122,533,2
122,541,1
122,596,1
122,627,1
122,665,1
122,707,1
122,723,1
122,725,1
122,750,1
122,834,1
122,857,1
122,914,1
122,965,1
122,1026,1
122,1051,1
122,1078,1
122,1220,1
122,1224,1
122,1230,1
122,1307,1
122,1394,1
122,1475,1
123,9,1
123,46,1
123,77,1
123,87,1
123,115,1
123,120,1
123,124,1
123,149,1
123,171,1
123,178,1
123,263,1
123,394,1
123,1038,1
123,1128,1
124,115,1
124,144,1
124,165,1
124,350,1
125,84,1
125,106,1
125,133,1
125,136,1
125,142,1
125,171,1
125,188,1
125,194,1
125,234,1
125,248,1
125,324,2
125,376,1
125,389,1
125,422,1
125,488,1
125,609,1
125,1248,1
126,126,1
127,48,1
127,49,1
127,92,1
127,95,2
127,106,1
127,172,1
127,177,1
127,178,1
127,179,1
127,230,1
127,245,1
127,247,1
127,251,1
127,265,1
127,297,1
127,350,1
127,386,1
127,392,1
127,397,1
127,417,1
127,441,1
127,555,1
127,571,1
127,938,1
127,970,1
127,991,1
127,1109,1
127,1115,1
127,1202,1
127,1206,1
127,1209,1
127,1251,1
127,1410,1
128,9,1
128,17,1
128,39,1
128,42,1
128,48,1
128,74,1
128,79,1
128,82,1
128,84,1
128,87,2
128,90,1
128,93,1
128,95,4
128,97,1
128,99,1
128,100,1
128,112,2
128,113,3
128,118,1
128,126,1
128,132,1
128,134,1
128,140,1
128,141,1
128,142,1
128,144,1
128,146,1
128,149,1
128,150,1
128,152,3
128,155,1
128,159,1
128,164,2
128,173,1
128,182,1
128,192,1
128,194,1
128,195,1
128,207,2
128,210,1
128,213,1
128,227,3
128,229,1
128,248,4
128,249,1
128,255,1
128,262,1
128,264,2
128,265,2
128,266,1
128,269,1
128,273,1
128,289,1
128,294,1
128,299,1
128,304,1
128,308,1
128,322,1
128,345,1
128,350,1
128,353,1
128,358,1
128,361,2
128,374,1
128,379,2
128,385,2
128,389,1
128,390,2
128,415,1
128,420,1
128,424,1
128,425,1
128,437,2
128,450,1
128,557,1
128,571,1
128,572,1
128,591,1
128,595,1
128,601,1
128,650,1
128,693,2
128,705,2
128,720,1
128,723,1
128,724,1
128,788,1
128,862,1
128,964,1
128,1004,1
128,1027,1
128,1057,1
128,1061,2
128,1108,1
128,1128,1
128,1129,1
128,1146,1
128,1193,1
128,1208,1
128,1209,1
128,1211,1
128,1212,1
128,1224,1
128,1233,1
128,1235,1
128,1241,1
128,1242,1
128,1400,1
128,1436,1
130,85,1
130,91,2
130,148,1
130,202,1
130,233,1
130,267,2
130,342,1
130,344,1
130,345,1
130,374,1
130,378,1
130,391,3
130,411,1
130,417,1
131,376,1
132,132,1
132,240,1
132,724,1
133,15,1
133,132,1
133,149,1
133,312,1
133,636,1
134,98,1
135,597,1
136,112,2
136,114,1
136,393,1
136,534,1
137,1211,1
138,678,1
139,7,1
139,351,1
139,447,1
139,1054,1
143,341,1
144,7,1
144,78,1
144,160,1
144,223,1
144,229,1
144,230,1
144,243,1
144,354,1
146,118,1
146,148,1
147,73,1
147,126,1
147,723,1
147,1202,1
148,86,1
148,274,1
148,357,1
148,358,1
148,362,1
152,51,1
152,91,1
152,98,1
152,121,1
152,127,1
152,181,1
152,210,1
152,217,1
152,224,1
152,258,1
152,323,1
152,341,1
152,345,1
152,347,1
152,361,1
152,398,1
152,415,1
152,575,1
152,628,1
152,1243,1
153,84,1
156,87,1
156,117,1
156,613,1
156,1280,1
156,1284,1
157,125,1
157,194,1
157,217,1
157,233,1
157,258,1
157,264,1
157,313,1
157,353,2
158,36,1
158,48,1
158,171,1
158,182,1
158,196,1
158,208,1
158,214,1
158,289,1
158,347,1
158,572,1
159,9,1
159,38,1
159,51,1
159,53,1
159,77,1
159,102,1
159,112,1
159,114,1
159,132,1
159,156,1
159,171,1
159,207,1
159,209,1
159,226,3
159,229,1
159,236,1
159,248,1
159,251,1
159,259,2
159,262,1
159,282,1
159,291,1
159,292,1
159,306,1
159,320,1
159,345,1
159,379,1
159,384,1
159,389,1
159,437,1
159,533,1
159,554,2
159,714,1
159,947,1
159,1015,1
159,1054,1
159,1065,1
159,1164,1
159,1179,1
159,1473,1
160,119,1
160,161,1
160,186,1
164,15,1
164,168,1
164,259,1
165,4,1
165,125,1
165,126,1
165,319,1
165,353,1
165,355,1
165,392,1
166,11,1
166,50,1
166,166,1
166,181,1
166,243,1
166,350,1
166,389,1
168,140,1
168,422,1
169,319,1
169,359,1
170,120,1
170,209,1
170,260,1
170,261,1
170,322,1
170,984,1
170,1007,1
170,1209,1
170,1262,1
171,89,1
171,102,1
171,171,1
171,179,1
171,217,1
171,355,1
171,383,1
172,77,1
175,273,1
178,45,1
179,48,1
179,50,1
179,53,1
179,85,1
179,87,1
179,118,1
179,132,1
179,153,1
179,159,1
179,164,1
179,179,1
179,181,1
179,186,1
179,192,1
179,194,1
179,207,4
179,222,1
179,238,1
179,248,1
179,252,2
179,253,1
179,266,1
179,283,1
179,289,1
179,311,2
179,361,1
179,389,2
179,413,1
179,418,1
179,553,1
179,695,1
179,783,1
179,1132,1
179,1201,1
179,1207,1
179,1222,1
179,1340,1
180,119,1
180,207,1
181,48,1
181,50,1
181,125,1
181,181,2
181,417,1
182,182,1
184,447,1
187,187,1
188,155,1
189,87,1
190,142,1
191,192,1
191,209,1
191,415,1
192,5,1
192,144,1
192,146,1
192,192,2
192,208,1
192,289,1
192,294,1
192,362,1
192,721,2
193,145,1
193,214,1
193,395,1
194,139,1
194,194,1
194,297,1
197,12,1
197,20,1
197,129,1
197,137,2
197,142,1
197,159,1
197,161,2
197,169,2
197,181,1
197,183,1
197,188,1
197,195,1
197,210,1
197,226,1
197,243,1
197,308,2
197,312,1
197,350,1
197,389,1
197,420,1
197,423,1
197,445,1
197,537,1
197,591,1
197,939,1
197,1211,1
198,100,1
202,171,1
202,233,1
202,325,1
203,51,1
203,84,1
203,99,1
203,111,1
203,175,1
203,192,1
203,193,1
203,208,1
203,210,1
203,230,1
203,344,1
203,388,1
203,417,1
204,11,1
205,282,1
206,89,1
206,102,1
206,125,1
206,217,1
206,292,1
206,664,1
206,1084,1
206,1481,1
207,138,1
207,320,1
207,1106,1
208,223,1
208,449,1
209,8,1
210,142,1
211,150,1
212,213,1
212,1213,1
214,223,1
216,45,1
216,247,2
217,42,1
217,124,1
217,234,1
217,247,1
218,102,1
218,109,1
218,167,1
218,192,1
219,417,1
222,184,1
223,8,1
223,122,1
224,252,1
224,315,1
224,375,1
224,531,1
225,11,1
225,13,1
225,45,1
225,84,1
225,88,1
225,122,1
225,219,1
225,231,1
225,314,1
225,347,2
225,445,1
225,451,1
225,1270,1
225,1450,1
226,1447,1
227,228,1
228,41,1
228,102,2
228,123,1
228,124,1
228,133,1
228,140,1
228,167,1
228,234,2
228,248,1
228,289,1
228,291,1
228,304,1
228,320,1
228,325,1
228,358,1
228,361,1
228,389,1
228,411,1
228,536,1
228,1032,1
229,17,1
229,85,1
229,124,1
229,248,1
229,964,1
230,51,1
230,102,1
230,143,1
230,231,1
230,262,1
231,45,1
231,288,1
232,229,1
232,232,1
232,260,1
232,314,1
232,1067,1
233,266,1
233,321,1
235,97,2
235,229,2
235,231,1
235,252,1
235,262,1
235,356,1
235,598,1
236,81,1
236,171,1
236,362,1
236,1446,1
237,98,1
237,277,1
237,386,1
238,108,1
238,140,1
238,167,1
238,193,1
238,229,1
238,238,1
238,273,1
238,311,1
238,315,1
238,320,1
238,325,2
238,419,1
238,577,1
238,723,1
238,1057,1
238,1142,1
238,1423,1
239,109,1
239,171,1
239,231,1
239,389,1
240,15,1
240,38,1
240,49,1
240,86,1
240,114,1
240,129,1
240,437,1
240,551,1
241,157,1
243,40,1
243,77,1
243,147,1
243,245,2
243,391,1
243,1218,1
244,233,1
244,289,1
244,344,1
245,100,1
245,233,1
245,284,1
246,124,2
246,245,1
246,263,1
246,273,1
246,297,1
246,386,1
247,262,2
247,346,1
247,397,1
248,38,1
248,82,1
248,165,1
248,201,1
248,208,2
248,248,1
248,292,1
248,325,1
248,350,1
248,417,1
248,719,1
249,72,1
249,93,1
249,95,1
249,98,1
249,141,1
249,241,1
249,248,1
249,250,1
249,252,1
249,259,1
249,277,1
249,302,1
249,315,1
249,322,2
249,350,1
249,357,1
249,385,1
249,390,1
249,437,1
249,667,1
249,797,1
249,818,1
249,1378,1
249,1470,1
249,1482,1
250,13,1
250,83,1
250,113,1
250,133,1
250,217,1
250,230,1
250,238,1
250,249,1
250,272,1
250,322,1
250,355,1
250,383,1
250,410,1
250,714,1
251,251,1
252,344,2
253,9,1
253,45,1
253,53,2
253,89,1
253,109,2
253,126,1
253,131,1
253,171,1
253,174,1
253,175,1
253,192,1
253,208,1
253,237,1
253,249,1
253,269,2
253,1273,1
255,85,1
255,256,1
255,306,1
255,341,1
256,255,1
256,375,1
256,376,1
257,256,1
257,257,1
257,376,1
258,230,1
259,259,1
259,355,1
259,591,1
260,39,1
260,50,1
260,223,1
260,315,1
260,346,1
260,378,1
260,390,1
265,39,1
265,283,1
265,1209,1
266,259,1
266,260,2
267,47,1
267,75,1
267,390,1
268,182,4
268,415,1
269,12,1
270,116,1
270,156,1
270,270,1
270,313,1
270,424,1
272,1,1
272,2,1
272,3,1
272,41,2
272,97,1
272,98,1
272,111,1
272,113,3
272,132,1
272,136,2
272,298,1
272,360,1
272,384,1
272,437,1
272,537,1
272,538,1
272,550,1
272,553,1
272,601,1
272,633,1
272,707,1
272,1001,1
272,1009,1
272,1207,1
272,1476,1
273,45,1
273,53,1
273,87,1
273,91,1
273,137,1
273,175,1
273,215,1
273,227,1
273,230,1
273,248,1
273,251,1
273,263,1
273,265,1
273,276,1
273,281,1
273,346,1
273,353,1
273,376,1
273,381,1
273,394,1
273,1354,1
275,263,1
275,275,1
275,306,1
275,412,1
276,87,1
276,159,1
276,163,1
277,236,1
277,380,1
278,2,1
278,15,1
278,75,1
278,92,1
278,93,1
278,110,2
278,111,1
278,112,1
278,113,1
278,114,1
278,132,2
278,133,2
278,143,1
278,272,4
278,280,1
278,285,1
278,295,1
278,303,4
278,392,1
278,393,1
278,413,1
278,437,1
278,438,1
278,455,1
278,533,1
278,534,1
278,552,1
278,554,1
278,557,1
278,572,1
278,607,3
278,653,1
278,671,1
278,674,1
278,716,1
278,724,1
278,802,1
278,954,1
278,1213,1
278,1309,1
278,1410,1
278,1463,1
278,1469,1
279,2,1
279,7,1
279,8,1
279,16,2
279,17,1
279,39,1
279,52,1
279,75,1
279,94,1
279,101,1
279,111,2
279,113,2
279,114,1
279,126,1
279,134,1
279,152,1
279,158,1
279,169,1
279,182,1
279,211,1
279,218,1
279,229,1
279,234,1
279,250,1
279,252,1
279,259,1
279,266,1
279,267,1
279,272,3
279,279,2
279,280,1
279,283,1
279,286,1
279,287,1
279,289,1
279,295,1
279,312,1
279,323,1
279,332,1
279,356,1
279,357,2
279,360,1
279,389,1
279,398,2
279,410,1
279,415,2
279,421,2
279,425,1
279,530,1
279,557,1
279,573,1
279,576,1
279,607,1
279,612,1
279,653,1
279,655,1
279,665,1
279,673,1
279,674,1
279,680,2
279,682,1
279,693,1
279,704,1
279,707,1
279,718,2
279,723,1
279,724,1
279,779,1
279,834,1
279,1113,1
279,1146,1
279,1163,1
279,1215,1
279,1222,1
279,1233,1
279,1245,1
279,1274,1
279,1421,1
279,1423,1
279,1447,1
279,1471,1
279,1526,1
280,170,1
280,279,1
280,1065,1
282,6,1
282,130,1
282,347,1
282,381,1
283,191,1
284,284,2
284,350,1
284,357,1
284,386,1
285,124,2
285,132,1
285,167,1
285,230,1
285,245,1
285,286,1
285,291,1
285,297,1
285,438,1
285,545,1
285,724,1
285,770,1
286,1,1
286,41,2
286,96,1
286,576,1
286,697,1
287,38,1
287,41,2
287,96,1
287,112,1
287,114,1
287,132,1
287,136,1
287,248,1
287,423,1
287,672,1
287,723,1
288,391,1
289,119,1
289,259,1
289,266,1
290,355,1
290,390,1
291,450,1
292,149,1
292,155,1
293,9,1
293,15,1
293,93,1
293,108,1
293,118,1
293,132,1
293,136,1
293,147,1
293,230,1
293,232,1
293,245,1
293,271,1
293,636,1
293,1065,1
293,1299,1
293,1469,1
294,127,1
295,2,1
295,87,1
295,194,1
295,321,2
295,394,1
296,52,1
296,97,1
296,279,1
296,313,1
296,384,1
296,453,1
296,569,1
296,653,1
296,1250,1
297,0,1
297,1,1
297,3,1
297,17,1
297,46,1
297,52,1
297,87,1
297,89,1
297,90,1
297,92,1
297,95,1
297,97,1
297,98,1
297,115,1
297,126,1
297,132,2
297,140,1
297,156,2
297,161,1
297,167,1
297,169,1
297,186,1
297,192,1
297,201,2
297,202,1
297,207,1
297,210,2
297,211,1
297,217,1
297,230,1
297,231,1
297,247,1
297,249,1
297,250,1
297,260,1
297,261,1
297,286,1
297,288,1
297,291,1
297,297,1
297,305,1
297,312,1
297,322,1
297,324,1
297,347,1
297,358,1
297,361,1
297,380,1
297,384,1
297,389,2
297,393,1
297,394,1
297,423,1
297,424,2
297,454,1
297,473,1
297,549,1
297,552,1
297,557,2
297,560,1
297,573,1
297,601,1
297,607,1
297,652,1
297,779,1
297,959,1
297,960,1
297,965,1
297,1030,1
297,1115,1
297,1129,1
297,1183,1
297,1193,1
297,1340,1
297,1391,1
297,1420,1
297,1432,1
297,1465,1
297,1541,1
298,87,1
299,0,1
299,8,1
299,42,1
299,51,1
299,76,1
299,102,1
299,111,1
299,132,1
299,149,3
299,181,1
299,186,2
299,199,1
299,203,1
299,232,1
299,236,1
299,239,1
299,258,1
299,267,1
299,270,1
299,273,1
299,281,1
299,288,1
299,317,1
299,323,1
299,344,1
299,357,1
299,374,1
299,380,1
299,416,1
299,455,1
299,528,1
299,704,1
299,1132,1
299,1146,1
299,1391,1
299,1493,1
300,468,1
300,642,1
303,39,1
303,54,1
303,93,1
303,252,1
303,536,1
303,671,1
303,1221,1
303,1376,1
305,200,1
306,256,1
306,257,1
306,376,2
307,125,1
307,232,1
307,259,1
307,361,1
307,1059,1
307,1230,1
308,212,1
309,14,1
309,108,1
309,322,1
309,389,1
310,87,1
310,139,1
310,143,1
310,239,1
310,1164,1
312,95,1
312,174,1
312,349,1
312,1030,1
312,1049,1
313,129,1
313,239,1
313,420,1
313,607,1
314,233,1
317,119,1
320,142,1
321,218,1
321,359,1
321,657,1
322,101,1
322,150,1
322,377,1
322,385,1
322,1219,1
323,323,1
324,88,1
324,122,2
324,124,1
324,130,1
324,132,1
324,158,1
324,169,1
324,192,2
324,230,1
324,247,1
324,256,1
324,309,1
324,320,1
324,324,1
324,398,1
324,423,1
324,449,1
324,452,1
324,552,1
324,607,1
324,635,1
324,682,1
324,697,1
324,704,1
324,723,1
324,889,2
324,896,1
324,1103,1
324,1251,1
324,1465,1
325,144,1
325,218,1
325,237,1
325,291,1
325,358,1
325,394,1
325,425,1
326,25,1
326,326,1
326,372,1
326,429,1
327,22,1
327,25,1
328,370,1
330,70,1
330,331,2
331,105,1
331,330,1
331,331,3
333,68,1
334,33,1
334,459,1
335,104,1
335,429,1
336,20,1
336,57,1
336,70,1
336,336,1
336,404,1
336,429,3
337,59,1
337,402,1
338,70,1
338,335,2
339,402,1
339,465,1
339,468,1
340,89,2
340,179,1
340,255,1
341,88,1
341,91,1
341,190,1
341,201,1
341,257,1
341,341,1
341,342,1
341,440,2
342,88,1
342,342,1
342,346,2
342,347,2
342,376,1
342,392,1
342,721,1
343,0,2
343,11,1
343,15,1
343,37,3
343,38,3
343,39,1
343,43,1
343,46,1
343,49,1
343,50,1
343,87,1
343,92,1
343,93,2
343,113,1
343,121,2
343,123,2
343,124,1
343,126,1
343,127,2
343,132,1
343,136,3
343,141,1
343,144,1
343,146,1
343,202,1
343,214,1
343,215,1
343,217,1
343,240,2
343,276,1
343,280,1
343,285,2
343,288,1
343,289,1
343,297,1
343,322,1
343,344,1
343,358,2
343,385,1
343,386,1
343,389,1
343,393,1
343,395,2
343,397,2
343,398,1
343,410,1
343,418,1
343,421,1
343,423,1
343,437,1
343,451,1
343,543,1
343,549,2
343,554,1
343,561,1
343,569,1
343,572,2
343,574,1
343,576,2
343,596,1
343,600,1
343,609,1
343,611,1
343,612,2
343,654,2
343,665,1
343,681,1
343,694,1
343,720,1
343,724,1
343,725,1
343,766,1
343,816,1
343,906,1
343,1114,1
343,1202,1
343,1237,1
343,1391,1
343,1418,1
343,1426,1
343,1469,1
344,246,1
344,386,1
346,259,1
346,374,1
346,440,1
346,441,1
347,277,1
347,347,2
347,358,1
350,87,1
350,90,1
350,91,1
350,171,1
350,178,1
350,217,1
350,242,1
350,266,1
350,271,1
350,332,1
350,383,2
352,77,1
352,228,1
352,277,1
352,318,1
354,139,1
354,219,1
354,236,1
354,249,1
354,286,1
354,289,1
354,291,1
354,353,1
354,374,1
354,439,1
354,452,1
355,266,1
356,74,1
356,125,1
356,134,1
356,136,1
356,147,1
356,167,1
356,218,1
356,234,1
356,243,1
356,247,1
356,262,1
356,284,1
356,285,1
356,989,1
356,1109,1
358,257,1
360,672,1
361,100,2
361,101,2
361,227,1
361,1022,1
362,132,1
363,32,1
363,58,1
363,59,1
363,69,2
363,363,1
363,365,1
363,370,1
363,372,1
365,18,1
365,26,1
365,59,1
365,66,1
365,328,1
365,365,2
365,369,1
365,403,2
365,436,2
365,462,1
365,472,1
366,457,1
366,461,1
368,59,1
368,463,1
369,33,1
369,35,1
369,59,1
369,60,1
369,61,1
369,65,1
369,364,1
369,368,1
369,369,1
369,370,1
369,430,1
369,464,1
369,492,1
369,513,1
370,329,1
370,407,1
370,426,1
371,329,1
371,471,1
371,581,1
371,1571,1
372,456,1
373,373,2
374,90,1
374,342,1
374,347,1
374,375,1
374,440,1
375,256,1
376,234,1
376,255,1
376,345,1
376,440,1
377,90,4
377,91,1
377,161,1
377,211,1
377,284,1
377,306,1
377,341,1
377,345,1
377,356,1
377,374,3
377,377,1
377,440,1
377,455,1
377,1207,1
379,81,1
379,124,1
379,352,2
383,87,1
383,252,2
385,218,1
385,237,1
385,250,1
385,252,1
385,353,1
385,384,1
385,386,1
385,1245,1
387,47,1
388,95,1
389,298,1
389,390,1
390,253,1
390,390,2
391,46,1
391,232,1
391,236,1
391,246,1
392,75,1
392,100,1
392,124,1
392,136,1
392,254,1
392,255,1
392,317,1
392,376,1
392,392,2
392,394,1
392,418,1
392,420,1
392,453,1
392,723,1
392,1146,1
392,1245,1
394,40,1
394,274,1
394,394,2
395,3,1
395,144,1
395,192,1
395,425,1
396,0,1
396,1,1
396,2,2
396,3,1
396,5,1
396,14,1
396,36,1
396,37,1
396,38,1
396,39,2
396,40,1
396,45,1
396,47,1
396,51,1
396,84,1
396,92,1
396,95,1
396,96,1
396,106,1
396,108,1
396,111,2
396,112,1
396,113,1
396,117,1
396,122,1
396,123,2
396,132,1
396,136,1
396,137,1
396,142,1
396,143,1
396,147,1
396,148,1
396,158,2
396,163,1
396,164,1
396,169,1
396,178,1
396,185,1
396,192,3
396,194,2
396,201,1
396,214,1
396,216,1
396,217,1
396,218,1
396,219,3
396,223,1
396,234,2
396,246,1
396,247,1
396,249,2
396,251,2
396,255,1
396,262,1
396,264,2
396,265,1
396,266,2
396,283,1
396,287,1
396,289,1
396,291,1
396,292,2
396,296,1
396,298,1
396,313,1
396,319,1
396,320,1
396,322,1
396,324,3
396,342,2
396,345,1
396,346,1
396,347,1
396,353,1
396,356,1
396,357,2
396,384,1
396,389,1
396,390,1
396,392,1
396,394,1
396,396,3
396,397,2
396,398,1
396,411,1
396,450,2
396,452,5
396,455,1
396,533,1
396,556,1
396,572,1
396,575,1
396,612,1
396,614,1
396,622,1
396,634,1
396,681,1
396,690,1
396,693,1
396,705,1
396,720,2
396,971,1
396,1057,1
396,1061,1
396,1077,1
396,1103,1
396,1116,1
396,1129,1
396,1144,1
396,1190,1
396,1191,1
396,1201,1
396,1202,2
396,1205,1
396,1207,1
396,1215,1
396,1221,1
396,1244,1
396,1245,1
396,1271,1
396,1450,1
396,1465,1
396,1467,1
396,1469,1
397,194,1
397,295,1
398,295,2
398,324,1
398,421,1
398,424,2
398,455,1
399,60,1
399,104,1
399,372,2
399,403,1
399,434,1
400,29,1
400,70,2
400,71,1
400,104,6
400,400,6
400,461,1
400,468,1
401,20,1
401,23,1
401,63,1
401,327,1
401,330,1
401,373,2
401,401,1
401,463,1
401,658,1
402,429,1
402,461,1
403,18,1
403,21,1
403,25,2
403,27,1
403,32,1
403,71,1
403,401,1
403,461,1
403,465,1
403,480,1
403,648,1
403,1491,1
404,28,1
404,31,1
404,59,1
404,62,2
404,63,1
404,67,1
404,331,1
404,400,1
404,403,2
404,457,2
404,460,1
404,469,1
405,19,1
405,34,1
405,62,1
405,339,1
405,371,1
405,427,1
405,586,1
405,1541,1
406,68,1
406,327,1
407,26,1
407,69,1
407,329,1
407,367,2
407,408,1
407,426,1
408,25,1
408,329,1
408,335,1
408,367,2
408,370,1
408,371,1
408,426,1
410,84,2
410,201,1
410,347,1
411,51,1
411,84,3
411,130,1
411,197,1
411,283,1
411,325,1
411,345,1
411,376,1
411,411,2
411,415,1
412,16,1
412,94,1
412,112,1
412,114,1
412,164,1
412,223,1
412,314,1
412,397,1
412,398,1
412,455,2
412,504,1
412,534,1
412,537,2
412,572,1
412,648,1
412,691,1
412,695,1
412,720,1
412,725,2
412,1371,1
412,1487,1
413,15,1
413,81,1
413,111,1
413,112,1
413,133,1
413,134,1
413,135,1
413,136,1
413,210,1
413,247,1
413,272,1
413,280,2
413,293,1
413,303,3
413,317,1
413,354,1
413,362,1
413,385,1
413,454,1
413,502,1
413,508,1
413,533,1
413,537,3
413,549,1
413,551,1
413,570,1
413,599,1
413,607,1
413,614,1
413,655,1
413,672,1
413,693,1
413,703,1
413,705,1
413,706,1
413,721,1
413,724,2
413,1057,1
413,1065,1
413,1130,1
413,1163,1
413,1239,1
413,1360,1
413,1372,1
413,1487,1
415,213,1
415,306,1
415,416,1
415,448,1
415,1208,1
418,1,1
418,95,1
418,213,1
418,231,1
418,249,1
418,269,1
418,390,1
418,566,1
418,1542,1
419,11,1
419,92,1
419,131,2
419,178,1
419,238,1
419,277,1
419,417,1
419,419,1
419,906,1
420,226,2
420,420,1
420,445,1
421,222,1
421,281,1
422,312,1
422,358,1
422,423,1
424,130,1
424,171,1
424,181,1
424,357,1
424,395,1
424,422,1
424,425,2
425,16,1
425,52,1
425,106,1
425,109,1
425,165,1
425,245,1
425,262,1
425,425,2
425,943,1
426,426,1
427,66,1
427,329,1
427,367,1
427,403,1
427,405,1
427,408,1
427,510,1
427,895,1
428,467,1
429,27,1
429,337,1
429,405,1
429,470,1
431,327,1
431,494,1
432,19,1
432,26,1
432,62,1
432,429,1
432,432,2
432,457,1
432,464,1
433,336,1
433,365,1
434,19,1
434,20,7
434,21,1
434,22,1
434,23,2
434,25,3
434,26,1
434,29,1
434,30,1
434,58,1
434,62,1
434,63,1
434,67,1
434,104,2
434,300,1
434,326,1
434,328,1
434,335,1
434,337,1
434,338,2
434,339,1
434,367,1
434,372,1
434,399,1
434,401,3
434,402,1
434,403,1
434,405,1
434,429,2
434,432,1
434,434,1
434,458,1
434,460,1
434,461,1
434,464,1
434,469,1
434,470,1
434,640,1
434,1426,1
435,20,1
435,24,1
435,25,3
435,31,2
435,60,1
435,67,1
435,68,1
435,326,1
435,335,1
435,366,1
435,368,1
435,372,1
435,373,1
435,400,1
435,401,1
435,402,1
435,429,1
435,430,2
435,432,1
435,435,2
435,459,1
435,461,2
435,463,1
435,464,1
435,471,3
436,21,1
436,400,1
436,458,1
436,461,1
436,463,1
436,465,1
437,40,2
437,50,1
437,77,1
437,95,1
437,119,1
437,124,1
437,133,2
437,154,1
437,241,1
437,286,1
437,667,1
437,673,1
437,680,1
437,693,1
437,705,1
437,707,1
437,720,1
437,725,1
437,922,1
437,1291,2
437,1343,1
438,49,1
438,262,1
438,291,1
438,303,1
438,454,1
438,595,1
438,693,1
439,93,1
439,140,1
439,286,1
440,306,1
441,89,1
441,234,1
441,257,1
441,306,1
441,346,2
441,410,1
441,441,1
443,213,1
445,90,2
445,448,1
446,446,1
448,78,1
448,155,2
448,162,1
448,204,1
448,230,1
448,304,1
448,443,1
450,204,1
451,159,1
451,446,1
451,451,1
452,106,1
453,13,1
453,94,1
453,362,1
455,608,1
455,1114,1
456,20,3
456,21,1
456,22,1
456,24,3
456,61,1
456,62,1
456,63,1
456,372,1
456,426,1
456,428,1
456,429,1
456,436,1
456,456,1
456,470,1
456,473,1
457,20,1
457,23,1
457,67,2
457,326,1
457,328,1
457,401,1
457,429,1
457,457,1
457,460,1
457,467,2
457,512,1
459,19,1
459,20,1
459,63,1
459,64,1
459,328,1
459,400,1
459,402,1
459,429,1
459,434,1
459,459,1
459,461,1
459,463,1
459,466,1
459,495,1
460,25,2
460,461,1
461,23,1
461,25,2
461,31,1
461,63,1
461,373,2
461,428,5
461,430,3
461,460,3
461,462,1
461,527,1
462,20,1
462,33,1
462,60,1
462,61,1
462,103,1
462,327,1
462,336,1
462,337,1
462,366,1
462,428,2
462,429,1
462,462,4
462,468,2
462,469,1
462,513,1
463,29,1
463,33,1
463,57,1
463,61,1
463,69,1
463,103,1
463,326,1
463,330,1
463,364,1
463,403,1
463,428,1
463,429,2
463,463,1
463,466,1
464,434,1
465,63,1
465,331,1
465,401,1
465,468,1
465,659,1
466,22,1
466,33,1
466,60,2
466,63,1
466,64,1
466,68,1
466,402,1
466,426,1
466,432,2
466,467,1
466,468,1
467,21,3
467,24,1
467,30,1
467,59,1
467,327,1
467,330,1
467,332,1
467,372,1
467,401,1
467,429,1
467,430,1
467,432,1
467,460,1
467,466,1
467,467,1
468,24,1
468,33,1
468,461,1
468,464,1
468,602,1
469,466,1
470,23,1
470,24,1
470,29,1
470,59,1
470,62,1
470,64,1
470,68,1
470,70,3
470,104,2
470,331,2
470,334,2
470,337,2
470,338,1
470,339,2
470,369,1
470,370,1
470,373,3
470,400,1
470,401,1
470,403,1
470,406,1
470,429,5
470,431,1
470,432,1
470,458,1
470,460,1
470,461,1
470,468,1
470,471,2
470,500,2
470,528,1
471,300,1
471,429,1
471,461,1
471,471,2
472,472,1
472,515,1
473,31,1
473,364,1
473,432,1
473,473,1
473,486,1
473,488,2
473,490,3
473,491,1
473,492,1
473,505,1
473,509,1
473,510,1
473,513,1
473,821,1
475,33,1
475,368,1
475,404,1
475,490,1
475,505,1
475,525,1
475,527,1
477,487,1
479,500,1
480,481,1
480,498,1
480,512,1
480,544,1
481,481,1
481,504,2
481,523,1
482,473,1
482,479,2
482,480,1
482,482,1
482,485,1
482,497,1
482,500,1
483,481,1
483,482,1
483,486,1
483,493,1
483,495,1
483,498,1
483,610,1
483,1402,1
484,483,1
484,524,1
484,611,1
484,828,1
484,1186,1
484,1255,1
486,20,1
486,426,1
486,490,1
486,492,1
486,497,1
486,512,1
486,769,1
486,1247,1
486,1530,1
487,63,1
487,472,1
487,479,1
487,486,1
487,489,1
487,491,1
487,493,1
487,495,1
487,497,1
487,505,1
487,516,1
487,525,2
487,526,1
487,619,1
487,754,1
487,1413,1
488,493,1
489,462,1
489,464,2
489,468,1
489,486,2
489,488,1
489,502,1
489,509,1
489,752,1
489,794,1
489,1309,1
490,18,1
490,476,1
490,484,1
490,490,1
490,501,1
490,503,1
490,508,1
490,510,1
490,511,3
491,492,1
491,501,1
491,503,1
492,488,1
492,492,5
492,1357,1
493,62,1
493,66,1
493,69,1
493,365,1
493,403,1
493,462,1
493,486,1
493,490,2
493,491,1
493,492,2
493,493,1
493,525,1
493,658,1
494,104,1
494,486,1
494,487,1
494,493,1
494,494,4
494,495,1
494,502,1
494,519,1
494,526,2
495,495,1
495,504,1
495,525,1
495,1537,1
496,482,1
496,504,1
497,33,1
497,65,1
497,401,1
497,489,1
497,491,1
497,502,1
497,512,1
497,519,1
497,1216,1
498,369,1
498,488,1
498,512,1
498,514,1
498,523,1
500,22,1
500,57,1
500,69,1
500,462,1
500,486,1
500,490,1
500,491,1
500,494,1
500,496,1
500,497,1
500,501,2
500,766,1
500,822,1
501,65,1
501,472,1
501,481,1
501,510,1
501,511,1
501,1297,1
502,504,1
503,494,1
503,503,2
504,504,3
505,27,1
505,492,1
505,807,1
506,506,1
506,509,1
506,511,1
507,464,1
507,502,1
507,512,1
508,35,1
508,508,2
508,513,1
508,527,1
508,709,1
509,57,2
509,69,1
509,403,2
509,408,1
509,467,1
509,473,1
509,487,2
509,508,1
509,509,2
509,515,1
509,786,1
510,510,1
510,876,1
511,435,1
511,509,2
511,511,1
511,1521,1
512,473,2
512,498,2
512,512,2
513,68,1
514,67,1
514,365,1
514,372,1
514,407,1
514,504,1
514,511,1
514,514,1
514,819,1
514,1521,1
514,1546,1
514,1580,1
515,18,1
515,21,1
515,35,1
515,57,1
515,465,1
515,488,1
515,506,1
515,512,1
515,745,1
515,804,1
516,62,1
518,34,1
518,483,1
518,1405,1
519,69,1
519,402,1
519,484,1
519,486,1
519,489,1
519,491,1
519,492,1
519,497,1
519,504,2
519,505,1
519,515,1
519,519,1
519,527,1
519,773,1
519,828,1
519,1104,1
519,1357,1
520,18,1
520,69,2
520,460,1
520,462,1
520,476,1
520,487,2
520,489,2
520,491,1
520,494,1
520,501,1
520,509,1
520,512,1
520,514,1
520,525,1
520,527,1
520,768,2
520,769,1
520,794,1
520,877,1
520,927,1
520,1567,1
520,1581,1
521,364,1
522,367,1
522,479,2
522,482,1
522,493,1
522,522,1
522,711,2
522,1004,1
522,1074,1
522,1337,2
524,519,1
524,665,1
525,502,1
526,501,1
526,508,1
526,1098,1
527,32,1
527,364,1
527,368,1
527,490,1
527,506,1
527,513,1
527,1358,1
528,529,1
528,572,1
529,0,1
529,147,1
529,192,1
529,240,1
529,247,1
529,280,1
529,304,1
529,319,1
529,421,1
529,423,1
529,486,1
529,510,1
529,528,4
529,529,3
529,530,1
529,531,1
529,539,3
529,545,2
529,547,4
529,549,1
529,550,1
529,558,1
529,560,1
529,572,3
529,574,2
529,576,1
529,585,1
529,591,2
529,610,1
529,665,2
529,669,2
529,675,1
529,678,1
529,681,2
529,682,1
529,686,1
529,701,1
529,702,1
529,710,1
529,711,1
529,712,1
529,792,1
529,795,1
529,805,1
529,814,1
529,825,1
529,834,1
529,854,1
529,860,1
529,876,1
529,877,1
529,890,1
529,891,1
529,923,1
529,934,1
529,1023,1
529,1028,1
529,1030,1
529,1081,1
529,1082,1
529,1087,1
529,1113,1
529,1201,1
529,1231,1
529,1250,1
529,1279,1
529,1348,1
529,1356,1
529,1391,1
529,1407,1
529,1435,1
529,1445,1
529,1448,1
529,1464,1
529,1471,1
529,1474,1
529,1482,1
529,1486,1
529,1491,1
529,1520,1
529,1521,1
529,1577,1
529,1585,1
530,531,1
531,711,1
531,1389,1
532,572,1
532,699,1
532,1418,3
533,134,1
533,578,1
534,134,1
535,39,1
535,132,1
535,236,1
535,350,1
535,411,1
535,533,1
535,535,1
535,536,1
535,537,1
535,609,1
535,965,1
535,1037,1
535,1137,1
535,1471,1
536,38,1
536,144,1
536,171,1
536,181,1
536,201,1
536,234,1
536,378,1
536,600,1
536,601,1
536,633,1
536,635,1
536,654,1
536,721,1
536,724,1
536,1112,1
536,1146,1
537,693,3
537,711,1
537,1123,1
538,37,1
538,94,1
538,112,2
538,114,1
538,240,1
538,249,1
538,273,1
538,280,2
538,290,1
538,295,1
538,347,1
538,399,1
538,423,1
538,439,1
538,447,1
538,537,1
538,538,1
538,549,1
538,553,1
538,600,1
538,614,2
538,636,1
538,652,1
538,697,1
538,712,2
538,939,1
538,1114,1
538,1127,1
538,1265,1
538,1428,1
539,539,1
539,577,1
539,664,1
540,540,1
540,692,1
540,712,1
540,1464,1
541,711,1
541,717,1
542,686,1
543,699,1
543,1296,1
545,136,1
545,490,1
545,530,1
545,568,1
545,601,1
545,1309,1
545,1398,1
545,1462,1
545,1466,1
546,546,2
546,547,1
546,549,1
546,550,1
547,247,1
548,2,1
548,159,1
548,548,1
549,134,1
549,345,1
549,361,1
549,546,2
549,547,1
549,549,6
549,550,1
549,608,1
549,711,1
549,1309,1
549,1400,1
549,1416,1
550,549,2
550,596,1
551,537,1
551,552,1
552,296,1
552,547,1
552,653,1
552,654,1
552,669,1
552,671,1
552,698,1
552,701,2
552,715,1
554,552,1
555,616,1
555,1342,1
556,38,1
556,135,1
556,145,1
556,279,1
556,309,1
556,323,1
556,379,1
556,530,1
556,535,2
556,549,1
556,551,1
556,555,1
556,557,1
556,561,2
556,572,2
556,600,1
556,608,1
556,609,1
556,664,1
556,671,2
556,672,1
556,691,1
556,693,1
556,702,1
556,703,1
556,704,1
556,846,1
556,914,1
556,1011,1
556,1057,1
556,1075,1
556,1090,1
556,1349,1
556,1419,1
557,287,1
557,295,2
557,560,1
557,612,1
557,633,1
559,259,1
559,528,1
559,550,2
559,596,1
559,598,1
559,710,1
559,721,1
559,1181,1
559,1487,1
561,551,1
562,40,1
562,323,1
562,549,1
562,554,1
562,558,1
562,561,1
562,673,1
562,704,1
562,724,1
562,841,1
562,1212,1
562,1476,1
563,38,1
563,170,1
563,247,1
563,290,1
563,353,1
563,358,1
563,397,1
563,530,1
563,548,1
563,561,1
563,572,1
563,607,1
563,609,1
563,632,1
563,713,1
563,715,1
563,720,1
563,1220,1
565,233,1
565,260,1
565,536,1
565,547,1
565,558,1
565,570,1
565,599,1
565,609,1
565,613,1
565,666,1
565,720,1
566,698,1
567,701,1
567,1009,1
569,596,1
570,309,1
570,572,1
570,599,1
570,612,1
570,684,1
570,717,2
570,1152,1
571,314,1
571,558,1
571,616,1
571,1221,1
571,1246,1
571,1407,1
572,568,1
572,572,2
572,573,1
572,609,1
572,612,1
572,700,1
572,709,1
572,715,1
572,1062,1
572,1242,1
572,1273,1
573,574,1
573,577,1
574,280,1
574,530,1
574,531,1
574,570,2
574,576,1
574,578,2
574,690,1
574,704,1
574,715,1
574,1475,1
575,572,1
575,596,1
575,671,1
575,1025,1
576,92,1
576,98,1
576,513,1
576,549,1
576,554,1
576,558,1
576,576,1
576,693,1
576,707,1
576,712,1
576,950,1
576,1274,1
577,559,1
577,572,1
577,682,1
578,667,1
578,701,1
578,1338,2
579,371,1
579,580,1
579,581,1
579,583,1
579,586,1
579,588,1
579,604,1
579,605,1
579,622,1
579,623,3
579,625,1
579,640,2
579,642,2
579,643,1
579,1569,1
579,1573,1
580,464,1
580,602,1
580,626,1
580,657,1
580,1563,1
581,1542,1
582,471,1
582,582,1
582,605,1
582,620,1
582,638,1
582,642,1
582,658,2
582,661,1
583,583,5
583,588,1
583,604,1
583,606,1
583,626,2
583,638,1
583,643,1
583,1572,1
584,618,1
584,638,1
584,1527,1
584,1544,1
585,24,1
585,408,1
585,471,2
585,511,2
585,579,1
585,581,1
585,585,2
585,586,1
585,603,1
585,604,1
585,605,1
585,606,1
585,617,1
585,622,1
585,623,1
585,638,1
585,642,1
585,643,2
585,656,1
585,657,1
585,741,1
585,1499,1
585,1504,1
585,1528,1
585,1533,1
585,1549,1
585,1584,1
585,1585,1
587,589,1
587,625,1
588,603,1
588,604,1
588,641,1
588,656,1
589,579,1
589,589,1
589,603,1
589,638,1
589,643,1
589,657,1
589,661,1
589,1520,1
590,590,1
591,54,1
591,167,1
591,194,1
591,442,1
591,492,2
591,511,1
591,528,1
591,540,1
591,541,1
591,545,2
591,560,1
591,564,2
591,567,1
591,571,1
591,578,1
591,591,2
591,592,1
591,596,1
591,630,1
591,677,1
591,695,1
591,698,1
591,699,2
591,701,1
591,899,1
591,1035,1
591,1082,1
591,1137,1
591,1251,1
591,1294,1
591,1311,1
591,1339,1
591,1346,1
591,1400,1
591,1419,1
591,1449,1
591,1451,1
591,1499,2
591,1500,1
591,1531,1
594,547,1
594,635,1
595,192,1
595,539,1
595,565,1
595,570,1
595,575,1
595,596,2
595,601,1
595,610,1
595,614,1
595,646,1
595,647,1
595,680,1
595,691,1
595,698,1
595,701,3
595,702,1
595,704,2
595,1227,1
595,1363,1
596,543,1
596,671,1
597,112,1
597,196,1
598,719,1
598,1085,1
599,596,1
599,680,1
599,1361,1
600,616,1
601,553,1
601,601,1
601,632,1
601,711,1
602,91,1
602,579,1
602,580,2
602,589,2
602,602,2
602,606,1
602,621,1
602,622,2
602,623,1
602,642,1
602,657,1
602,661,1
602,1493,1
602,1579,1
603,623,1
603,638,1
603,642,1
605,585,1
607,2,1
607,36,1
607,224,1
607,616,2
607,672,1
607,713,1
607,853,1
607,1423,1
608,555,2
608,576,1
608,652,1
608,671,2
608,1123,1
608,1534,1
609,555,1
609,562,1
609,601,1
609,609,1
609,632,1
609,633,1
609,671,1
610,662,1
610,1472,1
611,558,1
611,611,1
611,677,1
611,698,1
611,699,1
611,702,1
611,1431,1
611,1439,1
612,613,1
613,548,1
615,556,1
615,673,1
616,552,2
616,616,1
621,370,1
621,621,1
621,623,1
621,1541,1
621,1548,2
621,1569,1
622,579,2
622,604,1
622,620,1
623,91,1
623,602,1
623,604,1
623,618,1
623,621,1
623,638,1
623,639,1
623,660,1
623,1525,1
625,427,1
625,580,1
625,583,1
625,604,1
625,605,1
625,617,1
625,622,1
625,623,1
625,641,1
625,642,1
625,1567,1
626,405,1
626,467,1
626,579,1
626,587,1
626,604,1
626,606,1
626,623,2
626,637,1
626,638,1
626,658,3
627,702,1
630,627,1
631,480,1
631,596,1
632,552,1
633,551,1
634,393,1
634,552,1
634,632,1
634,667,1
634,1265,1
635,2,1
635,8,1
635,102,1
635,126,1
635,133,2
635,134,1
635,250,1
635,287,1
635,298,1
635,357,1
635,394,1
635,397,1
635,422,2
635,492,1
635,524,1
635,530,1
635,551,3
635,554,1
635,555,1
635,559,1
635,578,1
635,608,1
635,612,1
635,613,1
635,615,1
635,635,1
635,652,3
635,664,1
635,669,1
635,692,1
635,702,1
635,715,1
635,720,1
635,815,1
635,816,1
635,833,1
635,914,1
635,919,1
635,939,1
635,975,1
635,991,1
635,1022,2
635,1037,1
635,1045,1
635,1116,1
635,1123,1
635,1156,1
635,1218,1
635,1300,1
635,1342,1
635,1420,1
635,1426,1
635,1427,1
635,1429,1
635,1469,1
635,1474,1
635,1482,1
635,1544,1
636,134,1
636,207,1
636,280,1
636,286,1
636,313,1
636,533,1
636,553,1
636,556,1
636,607,1
636,616,1
636,653,1
636,1086,1
637,368,1
637,588,1
637,624,2
637,637,2
637,641,1
637,1514,1
638,581,1
638,605,1
638,606,1
638,1502,1
638,1561,1
639,462,1
639,581,1
639,586,1
639,587,1
639,588,1
639,589,4
639,603,2
639,604,1
639,605,2
639,618,1
639,623,1
639,638,1
639,639,1
639,643,1
639,656,1
639,657,1
639,1246,1
639,1499,1
639,1500,1
639,1538,1
640,589,1
640,604,1
640,617,1
640,623,1
640,640,3
640,1521,1
640,1523,1
640,1558,1
641,617,1
641,622,1
641,661,1
642,300,1
642,603,1
642,605,1
642,623,1
642,626,1
642,642,1
642,643,1
642,1500,1
644,623,2
644,640,1
644,1088,1
644,1523,1
644,1541,1
644,1542,1
644,1580,1
646,530,1
646,551,1
646,646,1
648,1357,1
649,112,1
649,180,1
649,541,1
649,550,1
649,554,1
649,591,1
649,627,1
649,664,1
649,693,1
649,705,1
649,709,1
649,710,1
649,714,1
649,953,1
649,1010,1
649,1037,1
649,1284,1
649,1436,1
649,1479,1
650,569,1
650,667,1
650,715,1
651,96,1
651,159,1
651,232,1
651,280,1
651,533,1
651,546,2
651,549,1
651,551,1
651,552,1
651,553,1
651,556,1
651,577,1
651,598,1
651,612,1
651,615,1
651,616,1
651,632,1
651,634,1
651,636,1
651,651,1
651,652,1
651,655,2
651,664,1
651,667,1
651,669,1
651,693,3
651,705,1
651,715,1
651,720,1
651,841,1
651,1123,1
651,1413,1
651,1420,1
651,1571,1
651,1577,1
653,132,1
654,538,1
655,112,1
655,545,1
655,546,1
655,607,1
655,691,2
655,693,1
655,725,1
655,1048,1
655,1369,1
656,589,2
656,602,1
656,603,2
656,605,2
656,606,2
656,623,1
656,624,3
656,625,1
656,639,1
656,640,1
656,656,2
656,657,1
656,661,1
656,1508,1
657,603,1
658,657,1
658,658,4
658,661,1
659,367,1
659,583,1
659,623,1
659,1363,1
659,1516,1
661,408,1
661,425,1
661,461,1
661,579,2
661,580,1
661,587,1
661,591,1
661,626,1
661,640,1
661,657,1
661,661,11
661,895,1
664,1242,1
665,1530,1
666,667,1
666,697,1
667,610,1
667,667,1
667,971,1
669,3,1
669,607,1
669,612,1
670,77,1
670,134,1
670,136,1
670,140,1
670,208,1
670,248,1
670,264,1
670,344,2
670,360,1
670,533,1
670,548,1
670,561,1
670,566,1
670,570,1
670,616,1
670,653,1
670,695,1
670,707,1
670,724,1
670,725,1
671,613,1
671,669,1
672,424,1
672,548,2
672,672,1
672,771,1
672,1291,1
672,1466,1
673,93,1
673,96,1
673,108,1
673,132,1
673,153,1
673,233,1
673,262,1
673,323,1
673,533,1
673,549,2
673,557,1
673,607,2
673,613,1
673,615,1
673,673,1
673,721,1
674,298,1
676,539,1
676,542,1
676,571,1
676,979,1
676,1134,1
677,541,1
677,597,1
677,663,1
677,700,1
677,711,1
677,714,1
677,716,1
677,1339,1
677,1389,1
677,1488,1
678,1413,1
679,667,1
681,702,1
682,563,1
683,561,1
683,684,1
683,1454,1
685,92,1
685,210,1
685,224,1
685,234,1
685,246,1
685,286,1
685,393,1
685,417,1
685,497,1
685,511,1
685,539,1
685,546,1
685,550,1
685,551,1
685,552,1
685,556,1
685,562,1
685,563,1
685,574,1
685,576,1
685,577,1
685,578,1
685,598,1
685,607,1
685,652,1
685,667,1
685,677,1
685,685,1
685,690,1
685,697,1
685,698,1
685,703,1
685,705,1
685,970,1
685,982,1
685,1046,1
685,1049,1
685,1055,1
685,1382,1
685,1386,1
685,1398,1
685,1419,1
685,1428,1
685,1543,1
686,714,1
686,987,1
687,611,1
687,676,1
687,686,1
687,1360,1
688,219,1
688,565,1
688,716,1
688,803,1
688,1446,1
689,712,1
690,528,1
690,566,1
690,572,1
690,610,1
690,627,1
690,690,3
690,693,1
690,701,1
690,1431,1
693,555,1
693,655,1
693,672,1
693,1282,1
694,303,1
694,609,1
695,971,1
696,548,1
696,550,1
696,555,1
696,556,1
696,608,1
697,551,1
697,632,1
697,684,1
697,697,2
697,703,1
697,1397,1
697,1448,1
698,570,1
699,75,1
699,147,1
699,398,1
699,461,1
699,528,1
699,542,1
699,545,1
699,553,1
699,566,1
699,611,1
699,615,1
699,646,1
699,666,1
699,682,1
699,699,2
699,703,1
699,704,1
699,705,1
699,708,2
699,731,1
699,817,1
699,973,1
699,1152,1
699,1338,1
699,1353,1
699,1363,1
699,1364,1
699,1391,1
699,1404,1
699,1428,1
699,1436,1
699,1471,1
699,1540,1
700,550,1
700,573,1
700,701,1
700,716,1
700,1497,1
701,543,1
702,530,1
702,549,1
702,558,1
702,570,1
702,574,1
702,595,2
702,601,1
702,632,1
702,647,1
702,667,3
702,682,1
702,692,1
702,697,1
702,703,1
702,709,1
702,710,1
702,713,2
702,720,1
702,721,1
702,1307,1
702,1420,1
702,1438,1
702,1530,1
704,260,1
705,563,1
705,576,1
705,671,1
705,698,1
705,711,1
706,38,1
706,1202,1
706,1290,1
708,567,1
708,648,1
708,662,1
708,680,1
708,703,1
708,705,1
708,1345,1
708,1359,1
708,1416,1
709,530,2
709,611,1
709,676,1
710,717,1
712,711,1
712,1400,1
713,550,1
713,714,1
714,711,1
714,714,1
714,717,1
715,509,1
715,687,1
715,716,2
715,717,1
716,711,1
716,715,1
716,771,1
717,717,1
718,632,1
718,725,1
718,1397,1
719,114,1
719,296,1
719,607,1
719,615,2
719,719,1
720,0,2
720,38,1
720,49,1
720,93,1
720,113,2
720,132,1
720,182,1
720,201,1
720,213,1
720,272,1
720,280,2
720,323,1
720,397,1
720,425,1
720,439,1
720,533,1
720,537,1
720,547,1
720,550,1
720,554,1
720,573,1
720,607,4
720,614,2
720,632,1
720,653,2
720,672,1
720,674,2
720,719,1
720,720,2
720,723,1
720,725,1
720,965,1
720,1057,1
720,1391,1
720,1450,1
721,596,1
721,704,1
721,722,1
722,577,1
722,614,1
722,616,1
722,653,1
723,102,1
723,123,2
723,132,1
723,395,1
724,133,1
726,728,1
726,738,1
726,743,1
726,780,1
726,798,1
727,728,1
727,788,2
728,726,1
728,739,1
728,740,2
729,931,1
731,743,1
732,726,1
732,882,1
733,736,1
733,797,1
734,760,1
734,1541,1
737,884,2
738,870,1
739,728,1
739,739,1
740,740,2
740,831,1
741,733,1
741,741,1
741,762,1
741,798,4
741,909,2
741,910,3
742,742,1
744,728,1
744,739,2
745,462,1
745,745,1
745,773,1
745,785,1
745,828,1
745,1169,1
746,746,1
746,760,2
747,788,1
748,733,1
748,757,1
749,745,1
749,1182,1
751,954,1
752,773,1
753,754,1
753,979,1
754,767,1
754,828,1
755,899,1
757,739,1
757,743,1
757,780,1
757,875,1
757,880,1
757,884,1
757,1565,2
758,931,1
758,1084,1
759,501,1
759,739,1
759,740,1
759,882,1
759,905,1
759,909,1
760,728,1
760,740,1
760,746,1
760,747,1
760,757,1
760,758,1
760,780,1
760,783,1
760,797,2
760,798,1
760,904,1
760,905,1
760,909,1
760,910,1
760,924,1
760,1500,1
760,1541,1
761,400,1
761,754,1
761,800,1
761,926,1
762,748,1
762,884,1
764,781,1
764,895,1
766,771,1
766,830,1
766,903,1
766,930,1
766,1391,1
766,1575,1
767,751,1
767,800,1
768,100,1
768,1497,1
768,1527,1
769,492,2
769,638,1
769,740,2
769,744,1
769,751,1
769,769,1
769,791,1
769,823,1
769,829,3
769,830,1
769,832,1
769,853,1
769,860,1
769,911,1
769,980,2
769,981,1
769,1151,1
769,1431,1
769,1509,2
769,1542,1
770,512,1
770,761,1
770,808,1
770,1021,1
771,740,1
771,777,1
771,792,1
771,860,1
771,1014,1
771,1157,1
771,1282,1
771,1340,1
773,751,1
773,803,1
773,808,1
773,828,1
773,927,1
773,1563,1
775,824,1
777,766,1
777,794,1
778,61,1
778,805,2
778,808,1
778,809,1
778,828,1
778,829,1
778,850,1
778,981,1
778,1495,1
778,1500,1
778,1541,1
778,1586,1
779,829,1
779,852,1
780,843,1
781,766,1
781,781,1
781,1456,1
782,782,1
782,814,1
782,854,1
782,875,1
782,901,1
784,816,1
784,938,1
785,781,1
785,790,1
786,747,1
786,917,1
786,925,1
787,728,1
787,741,1
787,910,2
788,726,1
788,788,1
788,905,1
788,917,1
789,797,1
789,910,1
790,1003,1
792,752,2
792,764,1
792,954,1
792,1138,1
794,771,1
794,777,1
794,1567,1
795,795,1
798,798,2
798,910,1
799,984,1
801,357,1
801,369,1
801,591,1
801,726,1
801,755,2
801,770,1
801,773,2
801,781,1
801,801,1
801,821,1
801,826,1
801,880,1
801,881,1
801,922,1
801,980,1
801,1150,1
801,1254,1
803,761,1
803,805,1
803,987,1
803,1260,1
803,1493,1
803,1582,1
804,764,2
804,769,1
804,781,1
804,803,1
805,1516,1
806,773,1
806,823,1
806,1222,1
809,826,1
810,754,1
810,798,1
811,850,1
811,1193,1
812,841,1
812,913,2
812,1218,1
813,843,1
814,620,1
814,784,1
814,813,1
814,814,1
814,985,1
815,779,1
815,814,1
815,816,1
815,828,1
815,832,2
815,834,1
815,840,1
815,841,2
815,844,1
815,847,1
815,853,1
815,857,1
815,868,2
815,890,1
815,906,1
815,913,2
815,914,2
815,919,1
815,1002,1
815,1219,1
815,1284,1
815,1564,1
816,788,1
816,819,1
816,939,1
816,1401,1
819,851,1
819,864,1
819,890,1
819,906,1
819,909,1
819,914,1
819,921,1
819,925,1
819,927,1
819,1381,1
820,976,1
821,826,1
823,1246,1
824,794,1
824,826,1
825,830,1
825,1294,1
827,523,1
827,827,1
827,1137,1
828,748,1
828,753,1
828,808,1
828,828,2
828,1505,2
828,1522,1
828,1531,1
828,1538,1
829,620,1
829,1505,2
829,1516,1
829,1567,1
830,1515,1
830,1523,1
832,840,1
832,889,1
832,892,1
832,912,2
832,919,1
832,922,1
832,924,1
832,1029,1
832,1545,1
832,1558,1
833,839,1
833,842,1
833,866,1
833,917,1
833,1023,1
833,1255,1
835,621,1
835,748,1
835,819,1
835,832,1
835,835,1
835,836,2
835,841,1
835,852,1
835,855,1
835,868,1
835,878,1
835,887,1
835,889,1
835,899,1
835,910,1
835,918,5
835,919,1
835,920,1
835,988,1
835,1051,1
835,1128,1
835,1192,1
835,1518,1
835,1540,1
836,854,1
837,792,1
837,795,2
837,809,1
837,926,1
837,975,1
837,1525,1
837,1555,1
837,1571,1
840,818,1
841,1219,1
842,842,1
842,925,1
843,922,1
844,814,1
844,844,2
844,851,1
844,894,1
844,899,1
844,901,1
844,902,1
844,1546,1
845,618,1
845,748,1
845,828,1
845,841,1
845,851,1
845,881,1
845,911,2
845,918,1
845,949,1
845,976,1
845,1558,1
846,712,1
846,848,1
846,864,1
847,740,1
847,756,1
847,758,1
847,832,1
847,886,1
847,925,1
847,926,2
847,981,1
847,1539,2
847,1585,2
848,730,1
848,786,1
848,847,1
848,849,1
848,880,1
848,919,1
848,925,1
848,1544,1
848,1546,1
849,379,1
849,489,1
849,589,1
849,728,1
849,786,1
849,843,1
849,847,1
849,878,1
849,903,1
849,911,2
849,913,1
849,926,1
849,929,2
850,950,1
851,677,1
851,779,1
851,786,2
851,819,1
851,851,2
851,876,3
851,886,1
851,887,1
851,899,1
851,901,1
851,912,1
851,913,1
851,919,1
851,959,1
851,1029,1
851,1182,1
851,1204,1
851,1254,1
851,1259,1
851,1274,1
851,1426,1
851,1514,1
852,780,1
852,845,2
852,846,1
852,852,1
852,862,1
852,902,3
852,903,1
852,925,1
852,1140,1
852,1543,1
853,784,1
853,814,1
853,834,1
853,840,1
853,853,1
853,924,1
853,1143,1
853,1544,1
854,1539,1
855,733,2
855,741,1
855,792,1
855,812,1
855,813,2
855,814,2
855,819,2
855,824,1
855,832,1
855,833,1
855,834,1
855,842,1
855,860,1
855,867,1
855,874,1
855,877,1
855,878,1
855,884,1
855,894,1
855,901,1
855,914,1
855,919,5
855,923,1
855,926,1
855,932,1
855,960,1
855,1052,1
855,1167,1
855,1255,1
855,1273,1
855,1284,1
855,1468,1
855,1517,1
855,1532,1
855,1538,1
855,1541,1
855,1542,1
857,909,1
857,1035,1
858,811,1
858,941,1
859,782,1
859,833,1
859,874,1
859,896,1
859,915,1
860,739,1
860,763,1
860,786,1
860,828,1
860,843,4
860,846,1
860,880,2
860,889,1
860,892,2
860,904,1
860,908,1
860,909,1
860,917,1
860,920,1
860,921,2
860,923,1
860,930,1
860,969,1
860,1015,1
860,1183,1
860,1193,1
860,1248,1
860,1513,1
860,1586,1
861,579,1
861,788,1
861,861,1
861,863,1
861,878,1
861,886,1
861,915,1
861,918,1
861,922,1
861,931,1
861,1502,1
863,868,1
863,1223,1
864,740,1
865,586,1
865,928,2
866,729,1
866,866,1
866,878,1
866,889,1
866,921,1
866,933,1
867,786,1
867,804,1
867,813,1
867,829,1
867,845,1
867,882,1
867,889,1
867,891,1
867,901,3
867,913,1
867,914,1
867,918,1
867,923,1
867,950,1
867,991,1
867,1140,1
867,1193,1
867,1212,1
867,1325,1
867,1367,1
867,1412,1
867,1489,1
867,1496,1
867,1522,1
868,783,1
868,924,1
868,951,1
870,750,1
870,780,2
870,788,1
872,877,2
873,510,1
873,782,1
873,788,1
873,801,1
873,842,1
873,847,1
873,873,1
873,892,1
873,900,1
873,928,1
874,728,1
874,740,1
874,780,1
874,923,1
874,926,1
874,1537,1
874,1566,1
876,880,1
876,889,1
877,748,1
877,780,1
877,855,1
877,877,1
877,878,1
877,880,1
877,895,1
877,924,1
878,738,1
878,872,1
878,892,1
879,879,1
880,730,1
880,783,1
880,866,1
881,747,1
882,763,1
882,908,1
883,741,1
883,798,1
885,750,1
886,733,1
886,757,1
886,786,1
886,894,1
886,1222,1
887,729,1
887,786,1
887,888,1
887,895,1
887,1002,1
888,617,1
888,726,1
888,739,1
888,762,1
888,788,2
888,847,1
888,855,1
888,863,2
888,868,1
888,871,1
888,876,2
888,878,1
888,881,1
888,888,1
888,892,1
888,893,2
888,931,1
888,961,1
888,1210,1
888,1279,2
888,1480,1
888,1514,1
888,1542,1
888,1570,1
889,132,1
889,739,1
889,740,1
889,763,1
889,779,1
889,780,1
889,783,1
889,785,1
889,809,1
889,842,2
889,862,1
889,863,2
889,864,1
889,871,1
889,876,1
889,878,1
889,884,1
889,887,2
889,888,1
889,892,2
889,917,1
889,919,1
889,923,1
889,924,1
889,930,1
889,931,1
889,945,1
889,975,1
889,1035,1
889,1090,1
889,1218,1
889,1255,1
889,1497,1
889,1537,1
889,1558,1
889,1578,1
889,1585,1
892,878,1
892,925,1
892,938,1
894,730,1
894,780,1
894,893,1
894,894,1
896,785,1
896,850,1
896,872,1
896,878,1
896,879,1
896,896,1
896,898,2
896,1010,1
896,1063,1
897,1271,1
898,844,1
899,1033,1
899,1267,1
900,1095,1
901,804,1
901,844,1
901,859,1
901,899,1
901,915,1
901,951,1
901,1396,1
902,901,1
902,902,1
903,489,1
903,735,1
903,890,1
903,902,1
903,911,1
903,917,1
903,919,1
903,921,1
903,1138,1
904,733,1
904,741,1
904,758,1
904,760,1
904,907,1
906,836,1
907,797,1
909,728,1
909,750,1
909,758,1
909,831,1
909,842,1
909,881,1
909,1204,1
910,734,1
910,736,1
910,910,1
911,921,2
911,923,1
912,732,1
912,912,1
912,1540,1
913,836,1
913,841,1
913,847,1
913,852,1
913,923,1
913,925,1
913,926,1
913,959,1
913,963,1
913,982,1
913,1011,1
913,1077,1
913,1150,1
913,1219,1
913,1220,1
914,113,1
914,148,1
914,257,1
914,410,1
914,429,1
914,493,1
914,531,1
914,556,1
914,728,1
914,735,1
914,744,2
914,782,2
914,813,1
914,814,2
914,815,3
914,832,1
914,834,2
914,836,1
914,840,1
914,841,1
914,843,1
914,845,1
914,853,1
914,857,1
914,862,1
914,866,1
914,876,1
914,890,1
914,891,2
914,908,1
914,912,2
914,913,4
914,914,1
914,919,1
914,921,1
914,931,1
914,970,1
914,1001,1
914,1037,1
914,1061,1
914,1070,1
914,1108,1
914,1205,2
914,1213,1
914,1233,1
914,1515,1
914,1542,1
914,1585,1
915,877,1
916,763,1
916,880,1
916,886,1
916,889,1
916,914,1
916,933,1
916,1508,1
916,1554,1
917,178,1
917,578,1
917,734,1
917,835,1
917,909,1
917,919,1
917,1175,1
918,534,1
918,855,1
918,866,1
918,918,1
919,839,1
919,852,1
919,1247,1
920,727,1
920,741,1
920,785,1
920,842,1
920,843,1
920,861,1
920,893,1
920,899,1
920,915,1
920,923,1
920,1294,1
920,1540,1
922,1586,1
924,878,1
925,925,1
925,1104,1
925,1284,1
925,1523,1
925,1585,1
926,792,2
926,842,1
926,859,1
926,863,1
926,926,2
926,933,1
926,979,1
926,1222,1
926,1541,1
926,1582,1
926,1585,1
926,1586,1
927,733,1
927,737,1
927,791,1
927,903,1
927,909,1
927,923,1
927,927,2
927,1546,1
927,1575,1
928,29,1
928,460,1
928,492,1
928,728,1
928,731,1
928,734,1
928,740,1
928,750,2
928,760,1
928,796,1
928,812,1
928,816,1
928,828,1
928,834,1
928,837,1
928,843,1
928,853,1
928,861,1
928,884,1
928,887,2
928,889,1
928,897,1
928,923,1
928,924,1
928,931,1
928,1395,1
928,1515,1
928,1538,2
928,1562,1
928,1564,1
928,1565,1
929,825,1
930,890,1
930,928,1
931,726,1
931,743,1
931,780,1
931,788,1
931,881,1
931,931,1
932,738,1
932,780,1
932,783,1
932,813,1
932,846,1
932,921,1
932,932,1
933,735,2
933,741,1
933,748,1
933,1076,1
934,913,1
934,959,1
935,1126,1
938,751,1
938,798,2
938,860,1
938,938,2
938,1090,2
938,1108,1
938,1193,1
938,1199,1
938,1208,1
939,939,1
939,983,2
939,1128,1
939,1218,1
940,968,1
940,973,1
940,1274,1
942,979,1
942,992,1
942,1174,1
943,1009,1
944,1266,1
945,973,1
945,1086,1
945,1201,1
945,1279,1
946,143,1
946,437,1
946,490,3
946,494,1
946,502,1
946,554,1
946,561,1
946,567,1
946,652,1
946,691,1
946,751,1
946,780,1
946,801,1
946,805,2
946,822,1
946,830,1
946,845,1
946,859,1
946,860,1
946,873,1
946,879,1
946,887,1
946,892,2
946,894,1
946,897,1
946,901,1
946,906,2
946,917,1
946,920,1
946,946,1
946,950,1
946,975,1
946,976,1
946,977,1
946,979,1
946,992,1
946,994,1
946,1002,2
946,1019,1
946,1023,1
946,1057,1
946,1081,1
946,1099,2
946,1102,1
946,1108,1
946,1116,1
946,1119,1
946,1127,1
946,1137,1
946,1158,2
946,1172,1
946,1175,1
946,1176,1
946,1188,1
946,1192,1
946,1193,1
946,1195,2
946,1201,1
946,1213,1
946,1215,1
946,1219,1
946,1247,1
946,1254,1
946,1260,1
946,1273,1
946,1275,1
946,1284,3
946,1287,1
946,1289,1
946,1299,1
946,1309,1
946,1325,1
946,1359,1
946,1361,1
946,1365,1
946,1394,1
946,1416,1
946,1437,1
946,1475,1
946,1510,1
946,1517,1
946,1519,1
946,1541,1
946,1564,1
946,1577,1
946,1586,1
947,982,1
947,1077,1
947,1104,1
947,1126,1
948,941,1
948,942,1
948,982,1
948,1245,1
949,950,1
949,1274,2
950,981,1
950,1237,1
950,1260,1
951,112,1
951,951,1
951,1002,1
951,1003,1
951,1141,1
951,1183,1
951,1256,1
952,847,1
952,948,1
952,951,1
952,1084,1
952,1085,1
952,1110,1
952,1183,1
952,1289,1
954,950,1
956,397,1
956,1123,1
956,1142,1
956,1146,1
960,816,1
960,949,1
960,1063,1
960,1294,1
962,988,1
962,1372,1
963,963,1
963,1024,2
963,1055,1
964,1123,1
965,965,1
965,968,1
966,463,1
966,830,1
966,979,1
966,981,1
966,1059,1
969,1253,1
969,1367,1
971,1047,1
971,1134,1
972,1267,1
972,1270,1
973,558,1
973,970,1
973,1133,1
974,776,1
974,974,1
975,752,2
975,946,1
975,1003,1
975,1031,1
975,1033,1
976,796,1
978,27,1
978,498,1
978,575,1
978,752,1
978,803,2
978,805,2
978,846,1
978,852,1
978,855,1
978,862,1
978,918,1
978,919,1
978,942,1
978,951,1
978,954,1
978,960,1
978,973,1
978,975,1
978,976,1
978,978,1
978,979,1
978,983,1
978,989,1
978,1005,1
978,1006,1
978,1012,1
978,1021,1
978,1023,1
978,1042,1
978,1120,1
978,1156,1
978,1169,1
978,1197,1
978,1202,1
978,1204,1
978,1226,1
978,1247,1
978,1256,1
978,1273,1
978,1282,1
978,1423,1
978,1452,1
978,1493,1
978,1497,1
978,1586,1
979,998,1
980,1275,1
980,1420,1
981,821,1
981,1009,1
981,1585,1
984,178,1
984,541,1
984,603,1
984,665,2
984,713,1
984,791,1
984,821,1
984,828,1
984,910,1
984,954,1
984,979,1
984,984,1
984,1003,1
984,1006,1
984,1033,1
984,1141,1
984,1144,1
984,1249,1
984,1255,1
984,1256,1
984,1356,1
984,1364,1
984,1369,1
984,1400,1
984,1510,1
985,114,1
985,150,1
985,755,1
985,784,1
985,821,1
985,1071,1
985,1087,2
985,1389,1
985,1443,1
985,1470,1
985,1482,1
986,62,1
986,502,1
986,716,1
986,829,1
986,1009,1
986,1070,1
986,1126,1
986,1213,1
986,1256,1
986,1343,1
987,987,1
987,1064,1
988,952,1
988,1247,1
989,751,1
989,921,1
989,954,1
989,1155,1
991,911,1
991,1030,1
991,1284,1
992,586,1
992,708,1
992,995,1
992,1074,1
992,1122,1
992,1152,1
992,1291,1
993,1009,1
993,1138,1
995,1514,1
996,596,1
996,878,1
996,1023,1
996,1026,1
996,1090,1
996,1149,1
997,979,1
997,997,1
997,1022,1
997,1035,1
997,1055,1
997,1067,1
997,1105,1
997,1124,1
997,1128,1
997,1133,1
997,1153,1
997,1280,1
998,783,1
998,824,1
998,950,1
998,977,1
998,1252,1
998,1257,1
998,1290,1
998,1386,1
999,664,1
999,959,1
1000,705,1
1000,782,1
1000,944,1
1000,1020,2
1000,1036,1
1000,1138,1
1000,1150,1
1001,185,1
1002,795,1
1002,822,1
1002,981,1
1003,961,1
1003,1006,1
1003,1290,1
1004,1288,1
1005,1029,1
1007,1005,1
1009,93,1
1009,332,1
1009,568,1
1009,570,1
1009,611,1
1009,632,1
1009,775,1
1009,815,1
1009,834,1
1009,909,1
1009,941,1
1009,989,1
1009,992,1
1009,1009,3
1009,1015,1
1009,1043,1
1009,1055,1
1009,1077,2
1009,1104,1
1009,1142,1
1009,1186,1
1009,1220,1
1009,1227,1
1009,1253,1
1009,1320,1
1009,1585,1
1010,735,1
1010,769,1
1010,791,1
1010,886,1
1010,896,1
1010,1064,1
1010,1106,1
1010,1137,1
1010,1179,1
1011,346,1
1011,1078,1
1011,1228,1
1012,629,1
1012,869,1
1012,992,1
1012,999,1
1012,1028,1
1012,1222,1
1014,1108,1
1015,961,1
1019,763,1
1020,534,1
1020,819,1
1020,945,1
1020,988,1
1020,1076,1
1020,1081,1
1021,1179,1
1022,973,1
1022,1014,1
1022,1026,1
1022,1065,1
1023,740,1
1023,815,1
1023,998,1
1023,1055,1
1023,1063,2
1023,1134,1
1023,1154,1
1023,1157,1
1023,1267,1
1023,1365,1
1026,997,1
1028,273,1
1028,747,1
1028,822,1
1028,881,1
1028,971,1
1028,981,1
1028,991,1
1028,1032,1
1028,1033,1
1028,1082,1
1028,1232,1
1028,1390,1
1028,1477,1
1029,571,1
1029,951,1
1029,1249,1
1030,112,1
1030,476,1
1030,553,1
1030,845,1
1030,965,1
1030,1015,1
1030,1017,1
1030,1085,1
1032,791,1
1032,935,1
1032,1032,1
1032,1055,1
1032,1085,1
1033,928,1
1033,979,1
1033,1030,1
1033,1046,1
1033,1201,1
1034,312,1
1034,397,1
1034,1205,1
1034,1233,2
1035,62,1
1035,143,1
1035,167,1
1035,711,1
1035,779,1
1035,784,1
1035,786,1
1035,789,2
1035,812,2
1035,815,1
1035,836,1
1035,850,1
1035,858,1
1035,859,1
1035,874,1
1035,888,1
1035,890,1
1035,896,1
1035,901,1
1035,913,1
1035,914,1
1035,921,1
1035,949,1
1035,1011,1
1035,1035,2
1035,1054,1
1035,1081,1
1035,1090,1
1035,1095,1
1035,1099,1
1035,1122,1
1035,1156,1
1035,1193,1
1035,1199,1
1035,1206,2
1035,1208,1
1035,1212,1
1035,1214,1
1035,1218,1
1035,1230,2
1035,1231,1
1035,1245,2
1035,1267,1
1035,1361,1
1035,1368,1
1035,1468,1
1035,1497,1
1035,1585,1
1036,791,1
1036,853,1
1036,983,1
1036,1011,1
1036,1034,1
1036,1035,1
1036,1061,2
1036,1115,1
1036,1149,1
1036,1193,1
1036,1208,1
1036,1251,1
1037,245,1
1038,1213,1
1039,1293,1
1040,1037,1
1040,1126,1
1043,1009,1
1044,820,1
1044,978,1
1044,990,1
1045,804,1
1045,889,1
1045,911,1
1045,992,1
1045,1009,1
1045,1157,1
1045,1285,1
1046,578,1
1046,973,1
1046,1031,1
1046,1068,1
1046,1104,1
1046,1235,1
1046,1268,1
1047,1203,1
1047,1284,1
1050,943,1
1050,1126,1
1051,775,1
1051,782,1
1051,805,1
1051,844,1
1051,919,1
1051,976,1
1051,1003,1
1051,1252,1
1051,1376,1
1051,1516,1
1051,1585,1
1052,1141,1
1053,1209,1
1055,1030,1
1056,1208,1
1057,889,1
1057,904,1
1057,1056,1
1058,27,1
1058,157,1
1058,226,1
1058,472,1
1058,485,1
1058,586,1
1058,604,1
1058,697,1
1058,714,1
1058,746,1
1058,782,1
1058,784,1
1058,785,1
1058,804,1
1058,810,1
1058,842,1
1058,869,1
1058,915,1
1058,921,1
1058,949,1
1058,950,1
1058,1002,1
1058,1035,1
1058,1053,1
1058,1054,1
1058,1058,1
1058,1167,1
1058,1204,1
1058,1222,1
1058,1246,1
1058,1247,1
1058,1255,1
1058,1256,1
1058,1260,1
1058,1284,1
1058,1290,1
1058,1294,1
1058,1338,1
1058,1468,1
1058,1496,1
1058,1585,1
1058,1586,1
1059,1208,1
1060,989,1
1060,1057,1
1061,726,1
1061,779,1
1061,1061,1
1061,1109,1
1061,1215,1
1061,1564,1
1062,23,1
1062,791,1
1062,805,1
1062,851,1
1062,919,1
1062,1108,1
1062,1184,1
1062,1197,1
1062,1252,1
1062,1271,1
1062,1290,1
1062,1475,1
1062,1539,1
1063,1044,1
1063,1063,1
1064,982,1
1064,1028,1
1064,1068,1
1065,1065,1
1066,569,1
1067,279,1
1067,314,1
1067,715,1
1067,941,1
1067,944,1
1067,970,1
1067,983,2
1067,1027,1
1067,1076,1
1067,1134,1
1067,1202,1
1067,1227,1
1067,1243,1
1067,1244,1
1067,1261,1
1068,323,1
1068,795,1
1068,971,1
1068,1027,1
1068,1079,1
1068,1243,1
1069,486,1
1069,624,1
1069,675,1
1069,772,1
1069,785,1
1069,930,1
1069,949,1
1069,951,1
1069,984,1
1069,1162,1
1069,1195,1
1069,1256,1
1069,1422,1
1076,945,1
1076,1054,1
1076,1073,1
1076,1248,1
1076,1281,1
1077,1077,1
1079,937,1
1081,940,1
1081,1217,1
1081,1284,1
1083,691,1
1083,983,1
1083,1032,1
1083,1085,1
1083,1204,1
1083,1294,1
1083,1348,1
1084,939,2
1084,1001,1
1084,1065,1
1084,1143,1
1084,1208,1
1084,1233,1
1085,1063,1
1088,1074,1
1090,1245,1
1091,1090,1
1092,34,1
1092,830,1
1092,852,1
1092,900,1
1092,915,1
1092,918,1
1092,989,1
1092,994,1
1092,1064,1
1092,1121,1
1092,1138,1
1092,1247,1
1092,1275,1
1092,1542,1
1093,1070,1
1093,1343,1
1094,1225,1
1094,1351,1
1095,612,1
1095,1118,1
1095,1119,1
1096,1280,1
1097,493,1
1097,990,1
1097,992,1
1097,1068,1
1097,1081,1
1097,1156,1
1101,1087,1
1101,1101,1
1104,841,1
1104,1268,1
1105,146,1
1105,777,1
1106,575,1
1106,813,1
1106,843,1
1106,851,1
1106,890,1
1106,899,1
1106,919,1
1106,969,1
1106,971,1
1106,1167,1
1106,1193,1
1106,1247,1
1106,1271,1
1106,1284,1
1106,1294,1
1106,1351,1
1106,1546,1
1108,901,1
1108,1128,1
1108,1214,1
1110,1108,1
1110,1192,1
1110,1224,1
1111,887,1
1111,1044,1
1111,1056,1
1112,353,1
1112,795,1
1112,1112,1
1112,1116,1
1112,1185,1
1114,965,1
1114,1116,1
1114,1261,1
1115,1104,1
1115,1185,1
1116,266,1
1116,1027,1
1116,1116,1
1118,950,1
1119,775,1
1119,829,1
1119,1119,1
1120,1120,1
1120,1343,1
1121,1121,1
1121,1270,1
1122,1122,1
1122,1203,1
1123,1022,1
1124,1166,2
1128,546,2
1128,726,1
1128,728,1
1128,740,4
1128,741,1
1128,742,1
1128,798,1
1128,811,1
1128,818,1
1128,832,1
1128,868,1
1128,939,1
1128,975,1
1128,1014,1
1128,1055,1
1128,1057,1
1128,1061,4
1128,1084,2
1128,1087,1
1128,1108,2
1128,1109,1
1128,1110,1
1128,1128,5
1128,1138,1
1128,1141,1
1128,1143,2
1128,1179,1
1128,1183,1
1128,1185,1
1128,1202,1
1128,1206,1
1128,1208,2
1128,1224,3
1128,1245,4
1128,1247,1
1128,1337,1
1128,1446,1
1128,1490,1
1129,1248,1
1130,1034,1
1130,1109,1
1133,906,1
1134,397,1
1134,607,1
1134,646,1
1134,691,1
1134,735,1
1134,763,1
1134,925,1
1134,934,1
1134,970,1
1134,1017,1
1134,1022,1
1134,1025,1
1134,1026,1
1134,1054,1
1134,1116,1
1134,1212,1
1136,808,1
1137,493,1
1137,1063,1
1137,1073,1
1137,1175,1
1138,1138,2
1139,112,1
1139,512,1
1139,650,1
1139,791,1
1139,832,1
1139,846,1
1139,864,1
1139,870,1
1139,902,1
1139,919,1
1139,943,1
1139,960,1
1139,988,1
1139,992,1
1139,997,1
1139,1007,1
1139,1008,1
1139,1028,1
1139,1098,1
1139,1106,1
1139,1118,1
1139,1167,2
1139,1175,1
1139,1257,1
1139,1258,1
1139,1273,1
1139,1286,1
1139,1323,1
1139,1450,1
1139,1475,1
1140,781,1
1140,800,1
1140,801,1
1140,866,1
1140,1080,1
1140,1140,1
1140,1189,1
1140,1254,1
1141,911,1
1141,1183,1
1141,1247,1
1141,1273,1
1142,971,1
1142,1025,1
1142,1108,1
1142,1124,1
1142,1146,1
1146,965,1
1146,1227,1
1148,934,1
1149,841,1
1150,45,1
1150,133,1
1150,238,1
1150,291,1
1150,457,1
1150,549,1
1150,595,1
1150,596,1
1150,662,1
1150,721,1
1150,728,1
1150,782,1
1150,834,1
1150,853,1
1150,906,2
1150,907,1
1150,943,2
1150,997,2
1150,1016,1
1150,1019,1
1150,1027,1
1150,1079,1
1150,1104,1
1150,1122,1
1150,1125,1
1150,1130,1
1150,1132,1
1150,1138,1
1150,1185,1
1150,1203,1
1150,1251,1
1150,1266,1
1150,1270,1
1150,1286,1
1150,1372,1
1150,1495,1
1150,1538,1
1150,1548,1
1150,1565,1
1153,1079,1
1154,995,1
1154,1154,1
1154,1161,1
1156,511,1
1156,640,1
1156,675,1
1156,792,1
1156,804,1
1156,852,1
1156,896,2
1156,902,1
1156,919,1
1156,1029,1
1156,1039,1
1156,1040,1
1156,1052,1
1156,1118,1
1156,1124,1
1156,1150,1
1156,1156,2
1156,1183,1
1156,1197,1
1156,1231,1
1156,1247,1
1156,1274,1
1156,1294,1
1158,882,1
1158,963,1
1159,1582,1
1160,745,1
1160,801,1
1160,804,1
1160,826,1
1160,844,1
1160,856,1
1160,880,1
1160,917,1
1160,941,1
1160,976,1
1160,980,1
1160,1003,1
1160,1005,1
1160,1010,1
1160,1138,1
1160,1160,1
1160,1179,2
1160,1188,1
1160,1210,1
1160,1246,1
1160,1247,1
1160,1258,1
1160,1271,1
1160,1272,1
1160,1284,1
1160,1467,1
1160,1469,1
1160,1478,1
1160,1522,1
1163,92,1
1163,1123,1
1163,1172,1
1167,828,1
1167,838,1
1167,1167,1
1167,1247,1
1168,408,1
1168,1337,1
1168,1397,1
1169,902,1
1169,1005,1
1169,1006,1
1169,1252,1
1170,929,1
1171,1104,1
1171,1219,1
1171,1246,1
1171,1270,1
1172,1044,1
1176,1174,1
1178,746,1
1178,788,1
1178,980,1
1178,1003,1
1178,1004,1
1178,1006,1
1178,1029,1
1178,1048,1
1178,1120,1
1178,1237,1
1178,1290,1
1178,1343,1
1179,1055,1
1179,1247,1
1180,679,1
1180,1256,1
1181,763,1
1181,1225,1
1182,777,1
1182,1119,1
1182,1183,1
1183,1033,1
1183,1183,2
1183,1237,1
1183,1255,1
1183,1275,1
1189,979,1
1189,1118,1
1190,1037,1
1192,811,1
1192,834,1
1192,1035,1
1192,1061,1
1192,1079,1
1192,1128,1
1192,1205,1
1192,1404,1
1193,39,1
1193,130,1
1193,476,1
1193,741,1
1193,783,1
1193,788,1
1193,840,1
1193,853,1
1193,857,2
1193,910,1
1193,938,1
1193,983,1
1193,1035,3
1193,1049,1
1193,1090,1
1193,1107,1
1193,1109,1
1193,1205,1
1193,1218,1
1193,1245,2
1193,1268,1
1195,1060,1
1196,852,1
1196,1201,1
1197,766,1
1197,810,1
1197,1273,1
1199,1128,1
1200,841,1
1200,941,1
1200,1200,1
1200,1230,1
1200,1322,1
1201,941,1
1204,728,1
1204,745,1
1204,784,1
1204,792,1
1204,811,1
1204,855,1
1204,950,1
1204,982,1
1204,1078,1
1204,1201,1
1204,1232,1
1205,853,1
1205,989,1
1205,1122,1
1205,1232,1
1206,81,1
1206,297,1
1206,303,1
1206,665,1
1206,779,1
1206,798,2
1206,834,1
1206,906,1
1206,959,2
1206,1056,1
1206,1078,1
1206,1144,1
1206,1167,1
1206,1477,1
1207,1084,1
1207,1103,1
1207,1212,1
1208,132,1
1208,910,1
1208,938,3
1208,970,1
1208,1090,3
1208,1108,1
1208,1128,1
1208,1208,1
1208,1245,3
1212,787,1
1212,955,1
1212,1032,1
1212,1191,1
1215,743,1
1217,1011,1
1217,1078,1
1218,814,1
1218,939,1
1218,1216,1
1218,1227,1
1219,954,1
1219,1014,1
1219,1137,1
1220,841,1
1220,939,1
1220,959,1
1221,776,1
1221,812,1
1221,955,1
1221,1102,1
1221,1112,1
1222,795,2
1222,951,1
1223,98,1
1223,140,1
1223,157,1
1223,214,1
1223,449,1
1223,783,1
1223,792,1
1223,815,1
1223,843,1
1223,891,1
1223,939,1
1223,967,2
1223,1030,1
1223,1056,1
1223,1057,1
1223,1084,1
1223,1108,1
1223,1109,2
1223,1223,1
1223,1244,1
1223,1245,1
1223,1251,1
1224,742,1
1224,814,1
1224,938,1
1224,1014,1
1224,1061,1
1224,1215,1
1224,1224,1
1225,1085,1
1225,1140,1
1225,1225,1
1226,995,1
1226,1273,1
1228,841,1
1228,1000,1
1228,1081,1
1228,1090,1
1228,1201,1
1228,1217,1
1228,1224,1
1228,1228,1
1229,215,1
1229,320,1
1229,358,1
1229,896,1
1229,973,1
1229,1015,1
1229,1026,1
1229,1116,1
1229,1123,1
1229,1146,1
1229,1204,1
1229,1229,1
1229,1243,2
1229,1244,1
1229,1308,1
1229,1365,1
1229,1481,1
1230,547,1
1230,798,1
1230,896,1
1230,920,1
1230,1009,1
1230,1054,1
1230,1230,1
1230,1232,1
1230,1291,1
1231,745,1
1232,1023,2
1233,892,1
1233,974,1
1234,7,1
1234,8,1
1234,12,1
1234,15,1
1234,84,2
1234,113,1
1234,119,2
1234,126,1
1234,129,1
1234,140,2
1234,141,1
1234,147,1
1234,168,2
1234,181,1
1234,197,1
1234,208,1
1234,218,1
1234,228,1
1234,243,1
1234,245,1
1234,246,1
1234,269,1
1234,288,1
1234,310,1
1234,312,4
1234,347,1
1234,352,1
1234,357,1
1234,359,1
1234,362,1
1234,415,1
1234,421,1
1234,500,1
1234,536,1
1234,599,1
1234,649,1
1234,654,1
1234,680,1
1234,682,1
1234,723,1
1234,743,1
1234,786,1
1234,789,1
1234,808,2
1234,830,1
1234,834,1
1234,842,1
1234,890,1
1234,901,1
1234,911,1
1234,913,1
1234,914,1
1234,921,1
1234,939,1
1234,955,1
1234,967,1
1234,983,1
1234,1022,2
1234,1026,1
1234,1027,1
1234,1057,1
1234,1061,1
1234,1064,1
1234,1077,1
1234,1103,2
1234,1107,1
1234,1108,1
1234,1112,2
1234,1116,1
1234,1123,2
1234,1129,1
1234,1144,1
1234,1146,2
1234,1153,1
1234,1164,1
1234,1184,1
1234,1209,1
1234,1211,1
1234,1212,1
1234,1215,1
1234,1221,1
1234,1230,1
1234,1232,1
1234,1233,1
1234,1234,1
1234,1264,2
1234,1325,1
1234,1429,1
1234,1475,1
1234,1477,1
1234,1563,1
1235,775,1
1235,1112,1
1237,941,1
1237,1170,1
1237,1180,2
1237,1246,1
1238,832,1
1238,1048,1
1239,101,1
1239,189,1
1239,528,1
1239,723,1
1239,1190,1
1239,1239,1
1240,1212,1
1241,197,1
1241,1207,1
1241,1221,1
1241,1527,1
1242,13,1
1242,943,1
1242,967,1
1242,1009,1
1242,1065,1
1242,1123,1
1242,1204,1
1243,248,1
1243,749,1
1243,1022,1
1243,1054,1
1243,1105,1
1243,1116,1
1243,1134,1
1243,1207,1
1243,1261,1
1243,1266,1
1244,1191,1
1244,1207,1
1245,779,1
1245,797,1
1245,815,1
1245,1014,1
1245,1057,1
1245,1061,1
1245,1109,1
1245,1128,2
1245,1192,1
1245,1204,1
1245,1214,2
1245,1216,1
1245,1224,3
1245,1245,1
1246,792,1
1246,822,1
1246,886,1
1246,1042,1
1246,1064,1
1246,1068,1
1246,1073,1
1246,1254,1
1247,949,1
1247,995,1
1247,1210,1
1249,96,1
1249,734,1
1249,943,1
1249,991,1
1249,1009,1
1249,1039,1
1249,1095,1
1249,1138,1
1249,1249,1
1249,1282,1
1249,1544,1
1250,1227,1
1251,912,1
1251,1010,1
1251,1323,1
1252,521,1
1252,753,1
1252,847,1
1252,893,1
1252,901,1
1252,920,1
1252,1003,2
1252,1172,1
1252,1210,1
1252,1252,1
1252,1458,1
1252,1461,1
1252,1517,1
1252,1531,1
1254,802,1
1254,830,1
1254,974,1
1254,979,1
1254,1141,1
1254,1237,1
1254,1519,1
1254,1565,1
1255,1042,1
1256,508,1
1256,851,1
1256,1106,1
1256,1255,1
1257,467,1
1257,541,1
1257,810,1
1257,1070,1
1257,1086,1
1257,1169,1
1257,1519,1
1258,640,1
1258,752,1
1258,845,1
1258,851,1
1258,1006,1
1258,1126,1
1258,1257,1
1259,986,1
1259,998,1
1259,1073,1
1259,1150,1
1261,1199,1
1262,1001,1
1262,1065,1
1262,1235,1
1263,1212,1
1264,853,1
1264,1201,1
1264,1251,1
1267,702,1
1268,973,1
1268,1053,1
1268,1054,1
1268,1081,1
1268,1087,1
1268,1105,1
1270,1141,1
1271,1225,1
1272,1045,1
1272,1138,1
1272,1232,1
1272,1262,1
1273,805,1
1273,830,1
1273,979,1
1273,998,1
1274,1273,1
1274,1289,1
1275,821,1
1276,834,1
1276,847,1
1276,904,1
1276,1194,1
1276,1345,1
1277,810,1
1278,658,1
1278,688,1
1278,739,1
1278,753,1
1278,766,1
1278,785,1
1278,795,1
1278,802,1
1278,803,1
1278,804,3
1278,805,1
1278,826,1
1278,847,1
1278,855,1
1278,859,1
1278,867,1
1278,874,1
1278,889,1
1278,896,1
1278,902,1
1278,950,2
1278,951,2
1278,952,1
1278,954,1
1278,974,2
1278,977,1
1278,982,1
1278,986,1
1278,988,1
1278,1002,3
1278,1003,2
1278,1004,1
1278,1017,1
1278,1022,1
1278,1051,2
1278,1099,1
1278,1137,2
1278,1138,1
1278,1179,1
1278,1181,1
1278,1186,1
1278,1196,1
1278,1210,1
1278,1215,1
1278,1242,1
1278,1246,1
1278,1247,2
1278,1255,1
1278,1256,1
1278,1258,1
1278,1357,1
1278,1447,1
1278,1462,1
1278,1470,1
1278,1491,1
1278,1576,1
1280,289,1
1280,659,2
1280,928,1
1280,1008,1
1280,1027,1
1280,1045,1
1280,1176,1
1280,1186,1
1280,1201,2
1280,1218,1
1280,1222,1
1280,1261,1
1280,1281,1
1280,1343,1
1280,1345,1
1281,551,1
1282,865,1
1282,1050,1
1282,1282,1
1283,1043,1
1284,1161,1
1285,201,1
1285,777,1
1285,962,2
1285,1006,1
1285,1079,1
1285,1104,1
1285,1138,1
1285,1151,1
1285,1175,1
1285,1251,1
1285,1268,2
1285,1285,1
1285,1446,1
1285,1518,1
1286,1012,1
1286,1121,1
1286,1420,1
1287,1254,1
1287,1287,2
1288,1042,1
1289,486,1
1289,805,1
1289,821,1
1289,898,1
1289,954,3
1289,961,2
1289,975,2
1289,976,1
1289,977,2
1289,979,2
1289,980,1
1289,1002,3
1289,1005,1
1289,1010,1
1289,1029,1
1289,1045,1
1289,1059,1
1289,1075,1
1289,1087,1
1289,1138,1
1289,1169,1
1289,1176,1
1289,1179,1
1289,1196,1
1289,1222,1
1289,1231,1
1289,1237,1
1289,1255,1
1289,1274,2
1289,1276,1
1289,1303,1
1289,1475,1
1289,1528,1
1290,1002,1
1290,1141,1
1292,1001,1
1292,1184,1
1293,989,1
1293,1039,1
1293,1086,1
1293,1188,1
1293,1326,1
1294,502,1
1294,1055,2
1294,1507,1
1295,1375,1
1295,1395,1
1295,1418,1
1295,1420,1
1295,1459,1
1296,1297,1
1297,1409,1
1299,697,1
1299,1004,1
1299,1197,1
1299,1237,1
1299,1299,1
1299,1406,1
1299,1435,1
1299,1504,1
1300,513,1
1300,675,1
1300,1296,2
1300,1320,2
1300,1324,1
1301,33,1
1301,595,1
1301,610,1
1301,665,1
1301,666,1
1301,790,1
1301,1295,1
1301,1301,1
1301,1308,1
1301,1359,1
1301,1398,1
1301,1407,1
1301,1417,1
1301,1428,1
1301,1452,1
1301,1465,1
1301,1477,1
1301,1487,1
1301,1491,1
1302,539,1
1302,805,1
1303,532,1
1303,545,1
1303,698,1
1303,949,1
1303,1003,1
1303,1028,1
1303,1296,1
1303,1301,1
1303,1326,1
1303,1400,1
1303,1405,1
1303,1406,1
1303,1409,1
1303,1428,1
1304,472,1
1304,522,1
1304,523,1
1304,595,1
1304,709,1
1304,801,1
1304,852,1
1304,1042,1
1304,1396,1
1304,1398,1
1304,1405,1
1304,1429,1
1304,1583,1
1305,501,1
1305,547,1
1306,1120,1
1307,292,1
1307,541,1
1307,702,1
1307,896,2
1307,899,1
1307,1369,1
1307,1390,1
1307,1445,1
1307,1469,1
1307,1491,1
1308,483,1
1308,530,1
1308,540,1
1308,546,1
1308,1028,1
1308,1182,1
1308,1312,1
1308,1406,1
1308,1451,1
1308,1486,1
1309,1174,1
1309,1342,1
1309,1395,1
1310,491,1
1310,541,1
1310,576,1
1310,911,1
1310,1317,1
1310,1365,1
1310,1404,1
1310,1422,1
1310,1491,1
1311,497,1
1311,513,1
1311,920,1
1311,1300,1
1311,1351,1
1311,1428,1
1311,1451,1
1312,363,1
1312,508,1
1312,540,1
1312,710,1
1312,770,1
1312,1312,1
1312,1339,2
1312,1419,1
1312,1431,1
1312,1476,1
1312,1491,1
1314,498,1
1314,983,1
1314,1398,1
1314,1430,1
1315,823,1
1316,350,1
1316,544,1
1316,752,1
1316,1423,1
1316,1431,1
1317,645,1
1317,1295,1
1317,1405,1
1317,1451,1
1318,104,1
1318,406,1
1318,526,2
1318,714,1
1318,853,1
1318,1339,1
1318,1446,1
1319,20,1
1319,31,1
1319,58,1
1319,159,1
1319,244,1
1319,266,1
1319,286,1
1319,305,1
1319,363,1
1319,400,1
1319,438,1
1319,473,1
1319,476,1
1319,477,1
1319,478,1
1319,481,1
1319,485,1
1319,486,2
1319,488,1
1319,489,1
1319,490,4
1319,492,1
1319,500,1
1319,502,1
1319,504,1
1319,510,2
1319,511,1
1319,526,1
1319,545,1
1319,547,1
1319,553,1
1319,558,1
1319,577,1
1319,591,1
1319,600,1
1319,602,1
1319,607,2
1319,621,1
1319,631,1
1319,632,1
1319,650,1
1319,677,1
1319,680,1
1319,682,1
1319,684,1
1319,698,2
1319,702,3
1319,706,1
1319,712,1
1319,716,1
1319,738,1
1319,758,1
1319,776,1
1319,782,1
1319,791,1
1319,795,1
1319,801,1
1319,828,1
1319,835,1
1319,844,2
1319,862,1
1319,866,2
1319,867,1
1319,868,2
1319,869,1
1319,886,1
1319,894,2
1319,896,1
1319,906,2
1319,911,3
1319,912,1
1319,914,1
1319,916,2
1319,918,1
1319,920,1
1319,922,1
1319,929,2
1319,940,1
1319,949,1
1319,951,1
1319,952,2
1319,974,1
1319,976,1
1319,983,1
1319,988,1
1319,989,1
1319,991,1
1319,998,1
1319,1005,1
1319,1010,1
1319,1012,1
1319,1017,2
1319,1036,1
1319,1038,1
1319,1047,1
1319,1071,1
1319,1085,2
1319,1095,1
1319,1141,1
1319,1180,1
1319,1182,2
1319,1190,1
1319,1197,1
1319,1213,1
1319,1237,2
1319,1247,1
1319,1248,1
1319,1255,2
1319,1257,1
1319,1271,1
1319,1274,1
1319,1284,1
1319,1288,1
1319,1294,3
1319,1296,2
1319,1297,1
1319,1300,1
1319,1302,1
1319,1304,2
1319,1306,1
1319,1309,2
1319,1312,2
1319,1315,2
1319,1316,3
1319,1317,2
1319,1319,3
1319,1320,1
1319,1321,1
1319,1322,1
1319,1324,1
1319,1327,1
1319,1332,1
1319,1333,1
1319,1336,2
1319,1337,1
1319,1338,2
1319,1340,1
1319,1343,2
1319,1349,1
1319,1361,1
1319,1364,2
1319,1365,1
1319,1367,2
1319,1369,1
1319,1370,4
1319,1372,2
1319,1377,1
1319,1378,1
1319,1380,1
1319,1390,2
1319,1391,1
1319,1394,1
1319,1395,1
1319,1398,1
1319,1400,2
1319,1401,1
1319,1403,1
1319,1404,1
1319,1405,1
1319,1410,1
1319,1413,2
1319,1419,1
1319,1420,1
1319,1421,1
1319,1428,1
1319,1437,2
1319,1438,1
1319,1445,1
1319,1447,1
1319,1454,1
1319,1456,1
1319,1462,2
1319,1466,1
1319,1467,3
1319,1469,1
1319,1471,2
1319,1474,2
1319,1475,2
1319,1478,1
1319,1479,3
1319,1480,1
1319,1481,3
1319,1482,1
1319,1486,1
1319,1487,1
1319,1488,2
1319,1489,1
1319,1495,1
1319,1518,1
1319,1523,1
1319,1538,1
1320,1327,1
1320,1338,1
1320,1343,1
1320,1397,1
1321,701,1
1321,1367,1
1322,490,1
1322,740,1
1322,1307,1
1322,1322,3
1322,1323,1
1322,1356,1
1322,1471,1
1323,325,1
1323,1467,2
1324,1459,1
1326,513,1
1326,1326,1
1327,472,1
1327,829,1
1327,861,1
1327,920,1
1327,1008,1
1327,1363,1
1327,1388,1
1329,1449,1
1330,332,1
1330,481,1
1330,663,1
1330,714,1
1330,717,1
1330,1400,1
1330,1402,1
1330,1518,1
1332,530,1
1332,766,1
1332,977,1
1332,1002,1
1332,1343,1
1332,1469,1
1332,1490,1
1333,545,1
1333,597,1
1333,771,1
1333,1182,1
1333,1303,1
1333,1332,1
1333,1477,1
1334,248,1
1334,486,1
1334,493,1
1334,508,1
1334,510,1
1334,531,1
1334,591,1
1334,667,1
1334,678,1
1334,704,1
1334,708,2
1334,714,1
1334,715,1
1334,1077,1
1334,1085,1
1334,1150,1
1334,1222,1
1334,1302,1
1334,1352,1
1334,1416,1
1334,1418,1
1334,1419,1
1334,1427,2
1334,1431,1
1334,1437,1
1334,1441,1
1334,1452,1
1334,1460,1
1334,1466,1
1334,1470,2
1334,1472,1
1334,1486,1
1334,1521,1
1336,311,1
1336,473,1
1336,480,1
1336,492,2
1336,494,1
1336,497,1
1336,500,2
1336,533,1
1336,541,1
1336,544,1
1336,545,1
1336,567,1
1336,594,1
1336,614,1
1336,637,1
1336,649,1
1336,650,1
1336,655,1
1336,696,1
1336,771,1
1336,791,1
1336,804,1
1336,822,1
1336,828,1
1336,836,1
1336,843,1
1336,844,2
1336,861,1
1336,874,1
1336,898,1
1336,959,1
1336,1005,1
1336,1015,1
1336,1017,1
1336,1042,1
1336,1060,1
1336,1063,1
1336,1064,1
1336,1180,1
1336,1183,1
1336,1186,1
1336,1195,1
1336,1197,1
1336,1237,1
1336,1252,1
1336,1284,1
1336,1302,1
1336,1320,1
1336,1326,1
1336,1333,1
1336,1336,2
1336,1339,1
1336,1343,1
1336,1391,1
1336,1400,1
1336,1404,1
1336,1416,1
1336,1421,1
1336,1428,1
1336,1429,1
1336,1436,1
1336,1437,1
1336,1439,2
1336,1442,1
1336,1443,1
1336,1475,1
1336,1479,1
1336,1482,1
1336,1486,1
1336,1489,1
1336,1491,1
1336,1519,1
1336,1541,1
1337,486,1
1337,704,1
1337,903,1
1337,1052,1
1337,1342,1
1337,1348,1
1337,1470,1
1338,486,1
1338,1299,1
1338,1427,1
1339,845,1
1339,896,1
1339,1300,1
1339,1317,1
1339,1408,1
1340,487,1
1340,528,1
1340,549,1
1340,556,1
1340,609,1
1340,771,1
1340,804,1
1340,824,1
1340,917,2
1340,954,1
1340,1073,1
1340,1340,1
1340,1346,1
1340,1363,1
1340,1404,1
1340,1408,1
1340,1418,1
1340,1433,1
1340,1505,1
1341,480,1
1341,481,1
1341,482,1
1341,484,1
1341,547,1
1341,554,1
1341,745,1
1341,1097,1
1341,1382,1
1341,1403,1
1341,1422,1
1341,1462,1
1341,1490,1
1342,1342,1
1342,1490,1
1343,7,1
1343,18,1
1343,25,1
1343,35,1
1343,96,1
1343,112,1
1343,116,1
1343,132,1
1343,133,1
1343,135,1
1343,146,1
1343,172,1
1343,178,1
1343,219,2
1343,280,1
1343,297,1
1343,329,1
1343,368,1
1343,380,1
1343,389,1
1343,403,1
1343,425,1
1343,430,1
1343,476,1
1343,479,1
1343,480,1
1343,482,2
1343,484,1
1343,485,2
1343,486,1
1343,489,1
1343,491,2
1343,492,4
1343,495,2
1343,498,1
1343,500,1
1343,502,1
1343,511,1
1343,512,1
1343,522,1
1343,523,1
1343,530,2
1343,542,1
1343,543,2
1343,549,1
1343,550,1
1343,555,1
1343,565,1
1343,568,1
1343,573,1
1343,576,1
1343,577,4
1343,578,1
1343,591,2
1343,594,4
1343,610,1
1343,616,3
1343,619,1
1343,661,1
1343,665,1
1343,677,1
1343,684,1
1343,688,1
1343,690,1
1343,691,1
1343,692,1
1343,696,1
1343,699,1
1343,712,2
1343,713,1
1343,714,1
1343,720,1
1343,722,1
1343,729,1
1343,730,1
1343,769,1
1343,773,1
1343,783,1
1343,788,1
1343,791,1
1343,801,1
1343,806,1
1343,821,1
1343,826,1
1343,827,1
1343,843,1
1343,844,1
1343,845,1
1343,850,1
1343,851,1
1343,852,1
1343,859,1
1343,860,1
1343,864,1
1343,866,2
1343,867,1
1343,868,2
1343,878,1
1343,879,1
1343,884,1
1343,886,1
1343,890,1
1343,899,1
1343,901,1
1343,902,1
1343,909,1
1343,911,2
1343,915,1
1343,921,2
1343,923,1
1343,924,3
1343,944,2
1343,946,1
1343,949,1
1343,955,1
1343,963,2
1343,970,1
1343,975,1
1343,976,1
1343,977,1
1343,983,1
1343,988,1
1343,994,1
1343,998,1
1343,1002,1
1343,1006,3
1343,1009,1
1343,1011,1
1343,1012,1
1343,1029,2
1343,1030,1
1343,1038,1
1343,1045,2
1343,1048,1
1343,1055,1
1343,1056,1
1343,1058,2
1343,1059,1
1343,1063,2
1343,1070,1
1343,1076,1
1343,1127,1
1343,1137,2
1343,1139,1
1343,1140,1
1343,1167,1
1343,1179,1
1343,1183,1
1343,1197,1
1343,1204,1
1343,1210,1
1343,1212,2
1343,1216,1
1343,1218,1
1343,1231,1
1343,1237,1
1343,1245,1
1343,1246,2
1343,1247,1
1343,1254,1
1343,1255,1
1343,1256,1
1343,1259,1
1343,1271,1
1343,1273,2
1343,1276,1
1343,1287,1
1343,1290,1
1343,1295,1
1343,1296,1
1343,1297,1
1343,1298,1
1343,1299,1
1343,1302,1
1343,1304,1
1343,1315,2
1343,1316,1
1343,1319,1
1343,1321,1
1343,1322,1
1343,1323,1
1343,1324,2
1343,1325,1
1343,1327,1
1343,1333,1
1343,1336,1
1343,1337,1
1343,1338,2
1343,1341,1
1343,1342,1
1343,1343,6
1343,1349,1
1343,1358,2
1343,1360,1
1343,1361,1
1343,1365,1
1343,1366,1
1343,1367,1
1343,1369,2
1343,1370,4
1343,1373,1
1343,1375,2
1343,1376,1
1343,1378,1
1343,1385,2
1343,1386,5
1343,1397,1
1343,1399,1
1343,1400,1
1343,1401,2
1343,1404,2
1343,1405,1
1343,1407,1
1343,1410,1
1343,1413,2
1343,1416,1
1343,1418,1
1343,1419,1
1343,1420,1
1343,1421,1
1343,1423,2
1343,1428,2
1343,1429,1
1343,1432,2
1343,1433,1
1343,1435,1
1343,1443,1
1343,1447,1
1343,1450,1
1343,1451,1
1343,1456,1
1343,1457,1
1343,1459,1
1343,1460,1
1343,1461,1
1343,1466,2
1343,1472,1
1343,1473,1
1343,1474,2
1343,1476,3
1343,1477,1
1343,1478,3
1343,1479,1
1343,1482,3
1343,1483,1
1343,1485,1
1343,1487,1
1343,1490,1
1343,1491,1
1343,1509,1
1343,1582,1
1344,1344,1
1345,107,1
1345,484,1
1345,485,1
1345,490,1
1345,572,1
1345,573,1
1345,599,1
1345,684,1
1345,696,1
1345,716,1
1345,841,1
1345,876,1
1345,949,1
1345,959,1
1345,1003,1
1345,1064,1
1345,1290,1
1345,1295,1
1345,1343,2
1345,1345,1
1345,1351,1
1345,1378,1
1345,1386,1
1345,1397,1
1345,1420,1
1345,1451,2
1345,1473,1
1345,1475,1
1345,1478,1
1345,1479,1
1345,1480,1
1345,1481,1
1345,1482,1
1345,1487,1
1345,1488,1
1347,666,1
1347,1369,1
1347,1458,1
1349,1463,1
1352,1358,1
1354,1353,1
1354,1491,1
1355,524,1
1357,943,3
1357,1474,1
1358,675,2
1360,669,1
1360,690,1
1363,713,1
1364,1421,1
1364,1432,1
1364,1448,1
1364,1459,1
1365,1452,1
1365,1487,1
1365,1491,1
1366,1397,1
1366,1416,1
1367,950,1
1367,1162,1
1367,1316,1
1367,1342,1
1367,1383,1
1367,1400,1
1367,1402,1
1367,1462,1
1367,1482,1
1368,541,1
1368,909,1
1368,926,1
1368,953,1
1368,1029,1
1368,1049,1
1368,1325,1
1368,1413,1
1368,1422,1
1368,1450,1
1368,1485,1
1368,1491,1
1369,673,1
1371,136,1
1371,847,1
1371,869,1
1371,952,1
1371,953,1
1371,1385,1
1371,1437,1
1371,1467,1
1371,1496,1
1371,1547,1
1374,487,1
1374,1070,1
1374,1411,1
1374,1432,1
1374,1465,1
1374,1473,1
1374,1474,1
1376,500,1
1376,1376,1
1377,761,1
1377,950,1
1377,1336,1
1377,1387,1
1377,1486,1
1377,1490,1
1379,712,1
1379,745,1
1379,979,1
1379,1103,1
1380,1367,1
1381,648,1
1381,1006,1
1381,1317,1
1381,1357,1
1381,1358,1
1381,1381,1
1382,0,1
1382,18,1
1382,35,1
1382,437,1
1382,472,1
1382,481,1
1382,573,1
1382,611,1
1382,612,1
1382,646,1
1382,690,1
1382,771,1
1382,776,2
1382,792,1
1382,805,1
1382,852,1
1382,895,1
1382,950,1
1382,952,1
1382,971,1
1382,1063,2
1382,1138,1
1382,1156,1
1382,1166,1
1382,1178,1
1382,1294,1
1382,1325,1
1382,1342,1
1382,1349,1
1382,1366,1
1382,1367,1
1382,1374,1
1382,1387,1
1382,1407,1
1382,1409,1
1382,1423,1
1382,1426,1
1382,1428,1
1382,1429,2
1382,1455,1
1382,1460,1
1382,1467,1
1382,1469,1
1382,1471,1
1382,1478,1
1382,1481,1
1382,1489,1
1382,1542,1
1382,1550,1
1383,703,1
1383,919,1
1383,1383,1
1383,1400,1
1384,485,1
1384,1029,1
1384,1381,1
1384,1384,1
1385,1326,1
1388,1196,1
1389,1389,1
1390,1081,1
1390,1127,1
1390,1255,1
1390,1447,1
1391,219,1
1391,229,1
1391,386,1
1391,400,1
1391,480,1
1391,485,1
1391,489,1
1391,545,1
1391,598,1
1391,608,1
1391,612,1
1391,627,1
1391,682,1
1391,685,1
1391,700,1
1391,706,1
1391,711,2
1391,805,1
1391,841,1
1391,872,1
1391,893,1
1391,944,1
1391,1002,1
1391,1040,1
1391,1056,1
1391,1150,1
1391,1179,1
1391,1183,1
1391,1242,1
1391,1285,1
1391,1301,1
1391,1322,1
1391,1343,1
1391,1365,1
1391,1372,1
1391,1391,1
1391,1404,1
1391,1413,2
1391,1420,1
1391,1427,1
1391,1428,3
1391,1436,1
1391,1451,1
1391,1474,1
1391,1476,1
1391,1580,1
1393,571,1
1393,1020,1
1393,1406,1
1393,1408,1
1394,37,1
1394,383,1
1394,483,1
1394,491,1
1394,930,1
1394,1009,1
1394,1294,1
1394,1343,1
1394,1394,3
1394,1402,1
1394,1403,1
1394,1405,1
1394,1411,1
1394,1413,1
1394,1420,1
1394,1424,1
1394,1467,1
1394,1537,1
1395,1408,1
1396,452,1
1396,487,1
1396,489,1
1396,498,1
1396,510,1
1396,541,1
1396,543,1
1396,611,1
1396,627,1
1396,757,1
1396,1012,1
1396,1083,1
1396,1197,1
1396,1300,1
1396,1343,1
1396,1347,1
1396,1391,1
1396,1452,1
1396,1470,1
1396,1472,1
1396,1477,1
1396,1544,1
1396,1579,1
1397,550,1
1400,593,1
1400,601,1
1400,1237,1
1400,1400,2
1400,1439,1
1401,745,1
1401,1397,1
1402,1404,1
1403,1411,1
1404,485,1
1404,1398,1
1404,1402,2
1405,1348,1
1405,1402,1
1407,1357,1
1407,1413,1
1407,1418,1
1408,1408,1
1409,1531,1
1411,1181,1
1412,1409,1
1412,1412,1
1413,676,1
1414,1413,1
1416,373,1
1416,389,1
1416,504,1
1416,531,1
1416,715,2
1416,1269,1
1416,1273,1
1416,1297,1
1416,1325,1
1416,1416,1
1416,1418,1
1416,1421,1
1416,1437,1
1416,1447,1
1416,1451,2
1416,1462,1
1416,1467,1
1417,561,1
1417,668,1
1417,678,1
1417,705,1
1417,847,1
1417,1194,1
1417,1452,2
1417,1486,1
1418,540,1
1418,1315,1
1418,1358,1
1418,1374,1
1418,1385,1
1418,1400,2
1418,1410,1
1418,1417,1
1418,1432,1
1418,1456,1
1419,1419,2
1419,1435,1
1419,1448,1
1420,1420,1
1421,611,1
1422,1451,1
1422,1481,1
1423,528,1
1423,785,1
1423,1316,1
1425,143,1
1425,332,1
1425,481,1
1425,513,1
1425,530,1
1425,532,1
1425,542,1
1425,550,1
1425,583,1
1425,593,2
1425,594,1
1425,599,2
1425,611,1
1425,669,1
1425,678,1
1425,701,1
1425,710,1
1425,714,2
1425,907,1
1425,1029,1
1425,1296,1
1425,1297,1
1425,1354,2
1425,1359,1
1425,1365,1
1425,1399,1
1425,1412,1
1425,1420,1
1425,1423,1
1425,1427,1
1425,1428,1
1425,1432,1
1425,1438,1
1425,1452,1
1425,1476,1
1425,1487,1
1426,1298,1
1427,563,1
1427,1417,2
1427,1432,1
1427,1459,1
1428,327,1
1428,492,1
1428,497,1
1428,509,1
1428,530,1
1428,554,1
1428,703,1
1428,954,1
1428,1028,1
1428,1074,1
1428,1222,1
1428,1302,1
1428,1306,1
1428,1338,1
1428,1407,1
1428,1409,1
1428,1423,2
1428,1424,1
1428,1427,1
1428,1428,3
1428,1432,2
1428,1443,1
1428,1452,1
1428,1460,1
1428,1462,1
1428,1491,1
1428,1531,1
1429,366,1
1429,612,1
1429,998,1
1429,1336,1
1429,1415,1
1429,1417,1
1429,1429,1
1429,1480,1
1437,1345,1
1440,561,1
1440,1337,1
1443,1299,1
1443,1412,1
1443,1478,1
1445,164,1
1445,1390,1
1448,1137,1
1450,631,1
1450,646,2
1450,782,1
1450,1438,1
1450,1458,1
1450,1473,1
1451,715,1
1452,614,1
1452,1309,1
1452,1437,1
1453,572,1
1453,1406,1
1453,1423,1
1454,635,1
1454,675,1
1454,1410,1
1454,1418,1
1455,1471,1
1455,1476,1
1455,1491,1
1460,1389,1
1461,91,1
1461,92,1
1461,471,1
1461,705,1
1461,1063,1
1461,1231,1
1461,1336,1
1461,1359,1
1461,1388,1
1461,1391,1
1461,1420,1
1461,1436,1
1461,1476,1
1462,550,1
1462,850,1
1462,1295,2
1463,427,1
1463,733,1
1463,1373,1
1464,539,1
1464,552,1
1464,676,1
1464,686,1
1464,1070,1
1464,1252,1
1464,1441,1
1464,1481,1
1465,1466,1
1465,1478,1
1466,428,1
1466,531,1
1466,667,1
1466,690,1
1466,703,1
1466,756,1
1466,758,1
1466,1296,1
1466,1340,1
1466,1357,1
1466,1364,2
1466,1390,1
1466,1429,1
1466,1452,1
1466,1469,1
1467,1447,1
1467,1476,1
1468,543,1
1468,1348,1
1468,1451,1
1469,1301,1
1469,1469,1
1469,1489,1
1471,1416,1
1471,1491,1
1472,1334,1
1474,674,1
1474,1301,1
1475,486,1
1475,1475,1
1475,1476,1
1476,500,1
1476,1327,1
1476,1342,1
1476,1401,1
1476,1416,1
1476,1477,1
1477,1400,1
1477,1416,1
1478,1322,1
1478,1413,1
1478,1471,1
1478,1477,1
1479,544,1
1479,1341,1
1479,1459,1
1479,1479,2
1480,1373,1
1481,303,1
1481,711,1
1481,1326,1
1481,1331,1
1481,1403,1
1481,1412,1
1481,1490,1
1481,1515,1
1482,29,1
1482,776,1
1482,1296,1
1483,1,1
1483,33,1
1483,39,1
1483,66,1
1483,82,1
1483,368,1
1483,479,1
1483,486,1
1483,497,1
1483,531,1
1483,557,1
1483,574,1
1483,613,1
1483,648,1
1483,666,1
1483,704,1
1483,728,2
1483,782,1
1483,800,1
1483,910,1
1483,1017,1
1483,1215,1
1483,1247,2
1483,1302,1
1483,1311,1
1483,1322,1
1483,1323,1
1483,1325,2
1483,1337,1
1483,1343,1
1483,1356,1
1483,1359,1
1483,1361,1
1483,1363,1
1483,1399,1
1483,1420,2
1483,1429,2
1483,1456,1
1483,1457,1
1483,1467,1
1483,1472,1
1483,1481,1
1483,1483,2
1483,1488,1
1483,1491,1
1483,1541,1
1484,462,1
1484,896,1
1484,1323,1
1484,1471,1
1485,74,1
1485,526,1
1485,577,1
1485,662,1
1485,851,1
1485,895,2
1485,914,1
1485,954,1
1485,1035,1
1485,1064,1
1485,1119,1
1485,1197,1
1485,1217,1
1485,1238,1
1485,1281,1
1485,1301,1
1485,1303,1
1485,1309,1
1485,1323,1
1485,1324,1
1485,1383,1
1485,1403,1
1485,1415,1
1485,1418,1
1485,1419,1
1485,1437,1
1485,1459,1
1485,1468,1
1485,1477,1
1485,1479,1
1485,1482,1
1485,1486,1
1485,1515,1
1485,1531,1
1485,1540,1
1485,1550,1
1485,1563,1
1486,369,1
1486,435,1
1486,491,1
1486,504,1
1486,594,1
1486,809,1
1486,1062,1
1486,1080,1
1486,1246,1
1486,1247,1
1486,1346,1
1486,1370,1
1486,1394,1
1486,1401,1
1486,1437,1
1486,1452,1
1486,1521,1
1487,143,1
1487,158,1
1487,178,1
1487,207,1
1487,314,1
1487,364,1
1487,473,1
1487,488,1
1487,543,1
1487,578,1
1487,630,2
1487,782,1
1487,783,1
1487,822,1
1487,859,1
1487,867,1
1487,892,1
1487,902,1
1487,921,1
1487,971,1
1487,989,1
1487,990,1
1487,1009,1
1487,1031,1
1487,1135,1
1487,1146,1
1487,1162,1
1487,1178,1
1487,1181,1
1487,1244,1
1487,1272,1
1487,1296,2
1487,1301,1
1487,1309,2
1487,1321,1
1487,1322,1
1487,1337,1
1487,1339,1
1487,1343,1
1487,1358,1
1487,1364,1
1487,1365,1
1487,1400,1
1487,1401,1
1487,1404,1
1487,1418,1
1487,1420,1
1487,1429,1
1487,1431,1
1487,1457,1
1487,1486,1
1487,1577,1
1488,539,1
1489,730,1
1489,1317,1
1489,1376,1
1489,1489,1
1490,1367,1
1490,1425,1
1491,998,1
1491,1447,1
1491,1459,1
1492,586,1
1492,1500,1
1492,1510,2
1492,1571,1
1493,659,1
1493,668,1
1493,1222,1
1493,1495,1
1493,1517,1
1493,1519,1
1493,1532,1
1493,1541,3
1493,1546,1
1493,1571,1
1493,1583,1
1494,1497,1
1495,1495,1
1496,1504,3
1496,1510,1
1496,1587,2
1497,1497,1
1497,1498,1
1497,1524,1
1497,1558,2
1497,1559,1
1499,921,1
1499,1499,1
1499,1500,1
1499,1555,1
1499,1585,1
1499,1587,1
1500,1504,1
1500,1506,1
1500,1524,1
1500,1587,1
1501,587,1
1501,1502,1
1501,1503,1
1501,1507,1
1501,1510,1
1501,1513,1
1501,1570,1
1501,1572,1
1501,1577,1
1504,1504,1
1504,1545,1
1504,1558,1
1505,1575,1
1505,1577,1
1505,1582,1
1505,1584,1
1506,1496,1
1506,1497,1
1506,1506,1
1506,1550,1
1506,1556,1
1506,1558,2
1506,1560,2
1506,1561,1
1506,1571,1
1506,1576,1
1506,1580,1
1507,1507,1
1508,1508,1
1508,1567,1
1509,1509,1
1510,1247,1
1510,1500,2
1510,1507,2
1510,1510,1
1510,1549,1
1510,1555,1
1510,1575,1
1510,1576,1
1511,1580,1
1512,1510,1
1512,1580,1
1513,1498,1
1513,1583,1
1516,1535,1
1517,621,2
1517,1517,1
1518,1543,1
1519,1517,1
1519,1538,1
1519,1541,1
1519,1542,1
1519,1548,1
1519,1578,1
1520,1517,1
1521,1532,1
1521,1543,1
1523,866,1
1526,58,1
1526,1531,1
1527,29,1
1527,402,1
1527,589,1
1527,605,1
1527,621,1
1527,769,1
1527,777,1
1527,781,1
1527,826,1
1527,924,1
1527,1497,1
1527,1515,1
1527,1520,1
1527,1532,1
1527,1533,1
1527,1538,1
1529,1580,1
1530,587,1
1530,828,1
1530,830,1
1530,1518,1
1530,1537,1
1530,1542,1
1530,1546,1
1531,482,1
1531,826,1
1531,832,1
1531,1540,1
1531,1548,1
1531,1567,1
1532,808,1
1532,1507,1
1532,1518,1
1532,1532,1
1533,619,1
1533,783,1
1533,1179,1
1533,1498,1
1533,1506,1
1533,1530,1
1533,1533,1
1536,617,1
1536,1494,1
1536,1527,1
1536,1531,1
1536,1536,1
1536,1544,1
1536,1585,1
1537,1528,1
1537,1532,1
1538,1538,1
1538,1540,1
1540,1532,1
1540,1539,1
1541,1520,1
1541,1538,1
1541,1544,2
1542,490,1
1542,492,1
1542,589,1
1542,620,1
1542,728,1
1542,733,1
1542,739,1
1542,911,1
1542,916,1
1542,928,1
1542,1495,1
1542,1500,1
1542,1513,1
1542,1517,1
1542,1518,1
1542,1535,2
1542,1540,1
1542,1541,3
1542,1542,1
1542,1544,2
1542,1554,1
1542,1562,1
1542,1566,1
1542,1567,1
1542,1571,1
1542,1577,1
1542,1586,2
1544,1510,1
1544,1518,1
1544,1540,1
1544,1542,2
1544,1560,1
1545,1496,1
1545,1499,1
1545,1507,1
1545,1545,2
1546,1515,1
1546,1546,1
1547,603,1
1547,625,1
1548,866,1
1548,1498,1
1548,1505,1
1550,426,1
1550,1542,1
1550,1550,1
1552,619,2
1553,1543,1
1553,1553,1
1554,1507,1
1554,1564,1
1555,1554,1
1555,1558,1
1555,1564,2
1556,1567,1
1556,1573,1
1556,1581,1
1556,1582,1
1557,1499,1
1557,1507,1
1557,1509,1
1557,1510,1
1558,1496,1
1558,1505,1
1558,1524,1
1558,1558,1
1559,1560,1
1559,1561,1
1559,1566,1
1560,1527,1
1560,1561,1
1561,1494,1
1561,1495,1
1561,1497,1
1561,1498,2
1561,1505,1
1561,1511,1
1561,1515,1
1561,1556,1
1561,1558,1
1561,1560,1
1561,1564,1
1561,1572,3
1562,1558,1
1563,643,2
1563,810,1
1563,1496,1
1563,1497,4
1563,1499,2
1563,1500,3
1563,1510,1
1563,1514,3
1563,1545,1
1563,1551,1
1563,1556,1
1563,1559,2
1563,1563,1
1563,1580,1
1563,1581,1
1563,1587,1
1564,1564,1
1564,1576,1
1565,997,1
1565,1565,5
1565,1572,1
1567,1497,1
1567,1582,1
1568,1562,1
1568,1563,2
1569,711,1
1571,1502,1
1571,1508,1
1571,1567,1
1571,1571,1
1572,1508,1
1572,1572,1
1572,1573,1
1573,431,1
1573,657,1
1573,1494,1
1573,1499,1
1573,1512,1
1573,1514,1
1573,1567,1
1573,1572,1
1573,1582,1
1573,1586,2
1574,1493,1
1574,1495,2
1574,1514,1
1574,1517,1
1574,1551,1
1574,1558,2
1574,1562,1
1574,1567,1
1574,1574,1
1574,1580,2
1575,1508,1
1575,1510,1
1575,1517,1
1575,1561,1
1575,1581,1
1575,1586,1
1576,741,1
1577,1572,1
1577,1573,1
1579,1581,1
1580,619,1
1580,1505,1
1580,1514,1
1580,1565,1
1580,1580,1
1581,640,1
1581,642,1
1581,1495,3
1581,1505,1
1581,1508,1
1581,1512,1
1581,1513,1
1581,1515,2
1581,1520,1
1581,1559,1
1581,1566,1
1581,1567,2
1581,1579,1
1581,1580,1
1581,1581,3
1581,1585,1
1582,1515,1
1582,1525,1
1582,1566,1
1582,1567,1
1582,1578,1
1582,1586,1
1583,20,1
1583,656,1
1583,917,1
1583,920,1
1583,1496,1
1583,1502,1
1583,1510,1
1583,1513,1
1583,1532,1
1583,1555,1
1583,1559,1
1583,1560,1
1583,1569,1
1583,1580,1
1583,1586,1
1584,1505,1
1584,1558,1
1584,1581,1
1585,1517,1
1585,1539,1
1585,1585,1
1586,1531,1
1586,1558,2
1586,1561,1
1586,1572,1
1586,1586,2
1587,1496,1
1587,1504,1
1587,1545,2
1587,1563,1
1587,1564,1
1587,1565,1
1587,1572,1
1587,1587,3
